id,category,category_code,category_name,question,compliance_expectation,primary_response,compliance_status,confidence,score,answer_notes,
1,CORE REQUIREMENT 1: SCOPE,CORE REQUIREMENT 1,SCOPE,Does the facility have a current R2 certificate that accurately reflects all processes and activities?,"Valid R2 certificate showing all applicable processes, legal entities, and locations",Yes,COMPLIANT,HIGH,100,Assumed compliant baseline; provide objective evidence per question.,
2,CORE REQUIREMENT 1: SCOPE,CORE REQUIREMENT 1,SCOPE,"Are all electronic equipment types, components, and materials managed by the facility documented in the scope?",Written scope statement matching certificate and operations,Yes,COMPLIANT,HIGH,100,Assumed compliant baseline; provide objective evidence per question.,
3,CORE REQUIREMENT 1: SCOPE,CORE REQUIREMENT 1,SCOPE,Have all legal entities and names associated with certifiable activities been identified?,"Business licenses, DBAs, trade names documentation",Yes,COMPLIANT,HIGH,100,Assumed compliant baseline; provide objective evidence per question.,
4,CORE REQUIREMENT 1: SCOPE,CORE REQUIREMENT 1,SCOPE,Are there any uncertified locations managing e-waste that should be disclosed?,Current public listing of non-certified locations if applicable,Yes,COMPLIANT,HIGH,100,Assumed compliant baseline; provide objective evidence per question.,
5,CORE REQUIREMENT 1: SCOPE,CORE REQUIREMENT 1,SCOPE,Has the facility been on SERI's deceptive practices list in the past 24 months?,Verification against SERI's published list,Yes,COMPLIANT,HIGH,100,Assumed compliant baseline; provide objective evidence per question.,
6,CORE REQUIREMENT 1: SCOPE,CORE REQUIREMENT 1,SCOPE,Do all certifiable activities at the physical address fall within the R2 scope?,Site map showing all operations areas,Yes,COMPLIANT,HIGH,100,Assumed compliant baseline; provide objective evidence per question.,
7,CORE REQUIREMENT 1: SCOPE,CORE REQUIREMENT 1,SCOPE,Are external processes and activities under the facility's control included in certification?,Documentation of off-site controlled activities,Yes,COMPLIANT,HIGH,100,Assumed compliant baseline; provide objective evidence per question.,
8,CORE REQUIREMENT 1: SCOPE,CORE REQUIREMENT 1,SCOPE,Has the facility properly identified all applicable R2 Process Requirements?,List matching actual operations to Appendices A-G,Yes,COMPLIANT,HIGH,100,Assumed compliant baseline; provide objective evidence per question.,
9,CORE REQUIREMENT 1: SCOPE,CORE REQUIREMENT 1,SCOPE,Are all authorized allowances properly documented on the certificate?,Certificate showing approved allowances per COP,Yes,COMPLIANT,HIGH,100,Assumed compliant baseline; provide objective evidence per question.,
10,CORE REQUIREMENT 1: SCOPE,CORE REQUIREMENT 1,SCOPE,Does the facility maintain documentation linking all sales websites to certified operations?,URLs and website documentation matching certificate names,Yes,COMPLIANT,HIGH,100,Assumed compliant baseline; provide objective evidence per question.,
11,CORE REQUIREMENT 2: HIERARCHY OF RESPONSIBLE MANAGEMENT,CORE REQUIREMENT 2,HIERARCHY OF RESPONSIBLE MANAGEMENT,Does the facility have a written hierarchy policy prioritizing reuse over recycling?,Written policy document dated and approved,Yes,COMPLIANT,HIGH,100,Assumed compliant baseline; provide objective evidence per question.,
12,CORE REQUIREMENT 2: HIERARCHY OF RESPONSIBLE MANAGEMENT,CORE REQUIREMENT 2,HIERARCHY OF RESPONSIBLE MANAGEMENT,How does the facility evaluate equipment for reuse potential?,Documented evaluation criteria and procedures,Yes,COMPLIANT,HIGH,100,Assumed compliant baseline; provide objective evidence per question.,
13,CORE REQUIREMENT 2: HIERARCHY OF RESPONSIBLE MANAGEMENT,CORE REQUIREMENT 2,HIERARCHY OF RESPONSIBLE MANAGEMENT,Are items directed to reuse when technically capable?,Transaction records showing reuse prioritization,Yes,COMPLIANT,HIGH,100,Assumed compliant baseline; provide objective evidence per question.,
14,CORE REQUIREMENT 2: HIERARCHY OF RESPONSIBLE MANAGEMENT,CORE REQUIREMENT 2,HIERARCHY OF RESPONSIBLE MANAGEMENT,How are non-reusable items directed to materials recovery?,Process flow documentation and routing records,Yes,COMPLIANT,HIGH,100,Assumed compliant baseline; provide objective evidence per question.,
15,CORE REQUIREMENT 2: HIERARCHY OF RESPONSIBLE MANAGEMENT,CORE REQUIREMENT 2,HIERARCHY OF RESPONSIBLE MANAGEMENT,Are focus materials ever sent to energy recovery or landfill?,Records showing no disposal unless legally required,Yes,COMPLIANT,HIGH,100,Assumed compliant baseline; provide objective evidence per question.,
16,CORE REQUIREMENT 2: HIERARCHY OF RESPONSIBLE MANAGEMENT,CORE REQUIREMENT 2,HIERARCHY OF RESPONSIBLE MANAGEMENT,How does the facility verify downstream vendors follow the hierarchy?,DSV audit records showing hierarchy compliance,Yes,COMPLIANT,HIGH,100,Assumed compliant baseline; provide objective evidence per question.,
17,CORE REQUIREMENT 2: HIERARCHY OF RESPONSIBLE MANAGEMENT,CORE REQUIREMENT 2,HIERARCHY OF RESPONSIBLE MANAGEMENT,Are recalled or counterfeit items properly excluded from reuse?,Procedures for identifying and routing prohibited items,Yes,COMPLIANT,HIGH,100,Assumed compliant baseline; provide objective evidence per question.,
18,CORE REQUIREMENT 2: HIERARCHY OF RESPONSIBLE MANAGEMENT,CORE REQUIREMENT 2,HIERARCHY OF RESPONSIBLE MANAGEMENT,Is disposal only used when no recycling options exist?,Documentation of technical/economic infeasibility,Yes,COMPLIANT,HIGH,100,Assumed compliant baseline; provide objective evidence per question.,
19,CORE REQUIREMENT 2: HIERARCHY OF RESPONSIBLE MANAGEMENT,CORE REQUIREMENT 2,HIERARCHY OF RESPONSIBLE MANAGEMENT,How are extreme circumstances for FM disposal documented?,"Written justification if applicable, legal requirements",Yes,COMPLIANT,HIGH,100,Assumed compliant baseline; provide objective evidence per question.,
20,CORE REQUIREMENT 2: HIERARCHY OF RESPONSIBLE MANAGEMENT,CORE REQUIREMENT 2,HIERARCHY OF RESPONSIBLE MANAGEMENT,Does the hierarchy policy cover both on-site and off-site activities?,Policy explicitly addressing all controlled operations,Yes,COMPLIANT,HIGH,100,Assumed compliant baseline; provide objective evidence per question.,
21,CORE REQUIREMENT 3: EH&S MANAGEMENT SYSTEM,CORE REQUIREMENT 3,EH&S MANAGEMENT SYSTEM,Does the facility maintain current EHSMS certification from an accredited CB?,Valid ISO 14001/45001 or equivalent certificate,Yes,COMPLIANT,HIGH,100,Assumed compliant baseline; provide objective evidence per question.,
22,CORE REQUIREMENT 3: EH&S MANAGEMENT SYSTEM,CORE REQUIREMENT 3,EH&S MANAGEMENT SYSTEM,Are all R2 requirements integrated into the EHSMS?,EHSMS documentation showing R2 integration,Yes,COMPLIANT,HIGH,100,Assumed compliant baseline; provide objective evidence per question.,
23,CORE REQUIREMENT 3: EH&S MANAGEMENT SYSTEM,CORE REQUIREMENT 3,EH&S MANAGEMENT SYSTEM,Are documents and records maintained for at least three years?,Records retention policy and archived documents,Yes,COMPLIANT,HIGH,100,Assumed compliant baseline; provide objective evidence per question.,
24,CORE REQUIREMENT 3: EH&S MANAGEMENT SYSTEM,CORE REQUIREMENT 3,EH&S MANAGEMENT SYSTEM,Has a full internal R2 audit been conducted within the past year?,Internal audit report covering all requirements,Yes,COMPLIANT,HIGH,100,Assumed compliant baseline; provide objective evidence per question.,
25,CORE REQUIREMENT 3: EH&S MANAGEMENT SYSTEM,CORE REQUIREMENT 3,EH&S MANAGEMENT SYSTEM,Does the facility demonstrate technical capability for all accepted materials?,"Training records, equipment specifications",Yes,COMPLIANT,HIGH,100,Assumed compliant baseline; provide objective evidence per question.,
26,CORE REQUIREMENT 3: EH&S MANAGEMENT SYSTEM,CORE REQUIREMENT 3,EH&S MANAGEMENT SYSTEM,Have environmental impacts been identified and analyzed?,Environmental aspects register with controls,Yes,COMPLIANT,HIGH,100,Assumed compliant baseline; provide objective evidence per question.,
27,CORE REQUIREMENT 3: EH&S MANAGEMENT SYSTEM,CORE REQUIREMENT 3,EH&S MANAGEMENT SYSTEM,Has health and safety risk assessment been completed?,Risk assessment documentation with controls,Yes,COMPLIANT,HIGH,100,Assumed compliant baseline; provide objective evidence per question.,
28,CORE REQUIREMENT 3: EH&S MANAGEMENT SYSTEM,CORE REQUIREMENT 3,EH&S MANAGEMENT SYSTEM,Is there a process for evaluating hazardous substance exposure?,IH monitoring program and results,Yes,COMPLIANT,HIGH,100,Assumed compliant baseline; provide objective evidence per question.,
29,CORE REQUIREMENT 3: EH&S MANAGEMENT SYSTEM,CORE REQUIREMENT 3,EH&S MANAGEMENT SYSTEM,Are incoming materials inspected for damage or hazards?,Receiving inspection procedures and records,Yes,COMPLIANT,HIGH,100,Assumed compliant baseline; provide objective evidence per question.,
30,CORE REQUIREMENT 3: EH&S MANAGEMENT SYSTEM,CORE REQUIREMENT 3,EH&S MANAGEMENT SYSTEM,Are housekeeping standards maintained throughout the facility?,Housekeeping schedule and inspection records,Yes,COMPLIANT,HIGH,100,Assumed compliant baseline; provide objective evidence per question.,
31,CORE REQUIREMENT 3: EH&S MANAGEMENT SYSTEM,CORE REQUIREMENT 3,EH&S MANAGEMENT SYSTEM,Are sanitary facilities provided for workers?,Physical verification of adequate facilities,Yes,COMPLIANT,HIGH,100,Assumed compliant baseline; provide objective evidence per question.,
32,CORE REQUIREMENT 3: EH&S MANAGEMENT SYSTEM,CORE REQUIREMENT 3,EH&S MANAGEMENT SYSTEM,Is food/beverage consumption restricted in contaminated areas?,Posted policies and designated clean areas,Yes,COMPLIANT,HIGH,100,Assumed compliant baseline; provide objective evidence per question.,
33,CORE REQUIREMENT 3: EH&S MANAGEMENT SYSTEM,CORE REQUIREMENT 3,EH&S MANAGEMENT SYSTEM,Do temporary workers receive the same protections as employees?,Training and PPE records for all workers,Yes,COMPLIANT,HIGH,100,Assumed compliant baseline; provide objective evidence per question.,
34,CORE REQUIREMENT 3: EH&S MANAGEMENT SYSTEM,CORE REQUIREMENT 3,EH&S MANAGEMENT SYSTEM,Is there a designated EH&S coordinator?,Named individual with defined responsibilities,Yes,COMPLIANT,HIGH,100,Assumed compliant baseline; provide objective evidence per question.,
35,CORE REQUIREMENT 3: EH&S MANAGEMENT SYSTEM,CORE REQUIREMENT 3,EH&S MANAGEMENT SYSTEM,"Are mercury, lead, and other toxics specifically evaluated?",Hazard assessment for listed substances,Yes,COMPLIANT,HIGH,100,Assumed compliant baseline; provide objective evidence per question.,
36,CORE REQUIREMENT 4: LEGAL AND OTHER REQUIREMENTS,CORE REQUIREMENT 4,LEGAL AND OTHER REQUIREMENTS,Does the facility have a comprehensive legal compliance plan?,Written plan identifying all applicable laws,Yes,COMPLIANT,HIGH,100,Assumed compliant baseline; provide objective evidence per question.,
37,CORE REQUIREMENT 4: LEGAL AND OTHER REQUIREMENTS,CORE REQUIREMENT 4,LEGAL AND OTHER REQUIREMENTS,Are all environmental permits current and available?,Permit files with no expirations,Yes,COMPLIANT,HIGH,100,Assumed compliant baseline; provide objective evidence per question.,
38,CORE REQUIREMENT 4: LEGAL AND OTHER REQUIREMENTS,CORE REQUIREMENT 4,LEGAL AND OTHER REQUIREMENTS,How are import/export laws identified and documented?,Legal requirements for all countries involved,Yes,COMPLIANT,HIGH,100,Assumed compliant baseline; provide objective evidence per question.,
39,CORE REQUIREMENT 4: LEGAL AND OTHER REQUIREMENTS,CORE REQUIREMENT 4,LEGAL AND OTHER REQUIREMENTS,Has a compliance audit been conducted by a competent auditor?,Audit report with auditor qualifications,Yes,COMPLIANT,HIGH,100,Assumed compliant baseline; provide objective evidence per question.,
40,CORE REQUIREMENT 4: LEGAL AND OTHER REQUIREMENTS,CORE REQUIREMENT 4,LEGAL AND OTHER REQUIREMENTS,Are regulatory violations reported to the CB within 30 days?,Notification records if applicable,Yes,COMPLIANT,HIGH,100,Assumed compliant baseline; provide objective evidence per question.,
41,CORE REQUIREMENT 4: LEGAL AND OTHER REQUIREMENTS,CORE REQUIREMENT 4,LEGAL AND OTHER REQUIREMENTS,Is child labor prohibited and verified?,Age verification procedures and records,Yes,COMPLIANT,HIGH,100,Assumed compliant baseline; provide objective evidence per question.,
42,CORE REQUIREMENT 4: LEGAL AND OTHER REQUIREMENTS,CORE REQUIREMENT 4,LEGAL AND OTHER REQUIREMENTS,"If prison labor is used, is it voluntary and compensated?",Prison labor agreements if applicable,Yes,COMPLIANT,HIGH,100,Assumed compliant baseline; provide objective evidence per question.,
43,CORE REQUIREMENT 4: LEGAL AND OTHER REQUIREMENTS,CORE REQUIREMENT 4,LEGAL AND OTHER REQUIREMENTS,Does the facility maintain a non-discrimination policy?,Written policy with complaint procedures,Yes,COMPLIANT,HIGH,100,Assumed compliant baseline; provide objective evidence per question.,
44,CORE REQUIREMENT 4: LEGAL AND OTHER REQUIREMENTS,CORE REQUIREMENT 4,LEGAL AND OTHER REQUIREMENTS,Are transboundary shipments verified as legal?,Export/import documentation for international shipments,Yes,COMPLIANT,HIGH,100,Assumed compliant baseline; provide objective evidence per question.,
45,CORE REQUIREMENT 4: LEGAL AND OTHER REQUIREMENTS,CORE REQUIREMENT 4,LEGAL AND OTHER REQUIREMENTS,How are data security legal requirements addressed?,Data protection compliance documentation,Yes,COMPLIANT,HIGH,100,Assumed compliant baseline; provide objective evidence per question.,
46,CORE REQUIREMENT 4: LEGAL AND OTHER REQUIREMENTS,CORE REQUIREMENT 4,LEGAL AND OTHER REQUIREMENTS,Are corrective actions implemented for non-compliance?,CAR records for any violations,Yes,COMPLIANT,HIGH,100,Assumed compliant baseline; provide objective evidence per question.,
47,CORE REQUIREMENT 4: LEGAL AND OTHER REQUIREMENTS,CORE REQUIREMENT 4,LEGAL AND OTHER REQUIREMENTS,Is the legal compliance plan updated with regulation changes?,Review and update records,Yes,COMPLIANT,HIGH,100,Assumed compliant baseline; provide objective evidence per question.,
48,CORE REQUIREMENT 4: LEGAL AND OTHER REQUIREMENTS,CORE REQUIREMENT 4,LEGAL AND OTHER REQUIREMENTS,Are downstream vendor shipments verified for legality?,DSV international shipment documentation,Yes,COMPLIANT,HIGH,100,Assumed compliant baseline; provide objective evidence per question.,
49,CORE REQUIREMENT 4: LEGAL AND OTHER REQUIREMENTS,CORE REQUIREMENT 4,LEGAL AND OTHER REQUIREMENTS,Does the facility track Basel Convention requirements?,Basel waste determination procedures,Yes,COMPLIANT,HIGH,100,Assumed compliant baseline; provide objective evidence per question.,
50,CORE REQUIREMENT 4: LEGAL AND OTHER REQUIREMENTS,CORE REQUIREMENT 4,LEGAL AND OTHER REQUIREMENTS,Are workers paid in compliance with wage laws?,Payroll records showing legal compliance,Yes,COMPLIANT,HIGH,100,Assumed compliant baseline; provide objective evidence per question.,
51,CORE REQUIREMENT 5: TRACKING THROUGHPUT,CORE REQUIREMENT 5,TRACKING THROUGHPUT,Are bills of lading maintained for all inbound materials?,Complete BOL files with signatures,Yes,COMPLIANT,HIGH,100,Assumed compliant baseline; provide objective evidence per question.,
52,CORE REQUIREMENT 5: TRACKING THROUGHPUT,CORE REQUIREMENT 5,TRACKING THROUGHPUT,Do inbound records include accurate dates and descriptions?,Detailed receiving documentation,Yes,COMPLIANT,HIGH,100,Assumed compliant baseline; provide objective evidence per question.,
53,CORE REQUIREMENT 5: TRACKING THROUGHPUT,CORE REQUIREMENT 5,TRACKING THROUGHPUT,Is a summary report of all transactions maintained?,12-month transaction summary report,Yes,COMPLIANT,HIGH,100,Assumed compliant baseline; provide objective evidence per question.,
54,CORE REQUIREMENT 5: TRACKING THROUGHPUT,CORE REQUIREMENT 5,TRACKING THROUGHPUT,How are R2 Controlled Streams tracked through processing?,Inventory tracking system records,Yes,COMPLIANT,HIGH,100,Assumed compliant baseline; provide objective evidence per question.,
55,CORE REQUIREMENT 5: TRACKING THROUGHPUT,CORE REQUIREMENT 5,TRACKING THROUGHPUT,Are inventory levels below defined limits?,Current inventory vs. permitted limits,Yes,COMPLIANT,HIGH,100,Assumed compliant baseline; provide objective evidence per question.,
56,CORE REQUIREMENT 5: TRACKING THROUGHPUT,CORE REQUIREMENT 5,TRACKING THROUGHPUT,Are materials stored less than one year?,Date tracking showing <1 year storage,Yes,COMPLIANT,HIGH,100,Assumed compliant baseline; provide objective evidence per question.,
57,CORE REQUIREMENT 5: TRACKING THROUGHPUT,CORE REQUIREMENT 5,TRACKING THROUGHPUT,Are tested components properly inventoried if stored longer?,Component inventory per Appendix C,Yes,COMPLIANT,HIGH,100,Assumed compliant baseline; provide objective evidence per question.,
58,CORE REQUIREMENT 5: TRACKING THROUGHPUT,CORE REQUIREMENT 5,TRACKING THROUGHPUT,Do outbound records match the tracking requirements?,Shipping records with required details,Yes,COMPLIANT,HIGH,100,Assumed compliant baseline; provide objective evidence per question.,
59,CORE REQUIREMENT 5: TRACKING THROUGHPUT,CORE REQUIREMENT 5,TRACKING THROUGHPUT,Are international shipments properly documented?,Bill of lading and container numbers,Yes,COMPLIANT,HIGH,100,Assumed compliant baseline; provide objective evidence per question.,
60,CORE REQUIREMENT 5: TRACKING THROUGHPUT,CORE REQUIREMENT 5,TRACKING THROUGHPUT,Is throughput consistent with processing capabilities?,Input/output reconciliation records,Yes,COMPLIANT,HIGH,100,Assumed compliant baseline; provide objective evidence per question.,
61,CORE REQUIREMENT 5: TRACKING THROUGHPUT,CORE REQUIREMENT 5,TRACKING THROUGHPUT,How are negative value materials tracked?,Separate tracking for materials with costs,Yes,COMPLIANT,HIGH,100,Assumed compliant baseline; provide objective evidence per question.,
62,CORE REQUIREMENT 5: TRACKING THROUGHPUT,CORE REQUIREMENT 5,TRACKING THROUGHPUT,Are in-process inventories accurately maintained?,WIP inventory records,Yes,COMPLIANT,HIGH,100,Assumed compliant baseline; provide objective evidence per question.,
63,CORE REQUIREMENT 5: TRACKING THROUGHPUT,CORE REQUIREMENT 5,TRACKING THROUGHPUT,Do outputs correlate with inputs and processes?,Mass balance documentation,Yes,COMPLIANT,HIGH,100,Assumed compliant baseline; provide objective evidence per question.,
64,CORE REQUIREMENT 5: TRACKING THROUGHPUT,CORE REQUIREMENT 5,TRACKING THROUGHPUT,Are contractual processing timeframes met?,Processing time records vs. agreements,Yes,COMPLIANT,HIGH,100,Assumed compliant baseline; provide objective evidence per question.,
65,CORE REQUIREMENT 5: TRACKING THROUGHPUT,CORE REQUIREMENT 5,TRACKING THROUGHPUT,How are brokered materials tracked if not physically received?,Broker transaction documentation,Yes,COMPLIANT,HIGH,100,Assumed compliant baseline; provide objective evidence per question.,
66,"CORE REQUIREMENT 6: SORTING, CATEGORIZATION, AND PROCESSING",CORE REQUIREMENT 6,"SORTING, CATEGORIZATION, AND PROCESSING",Is there a documented sorting and categorization process?,Written procedures matching REC categories,Yes,COMPLIANT,HIGH,100,Assumed compliant baseline; provide objective evidence per question.,
67,"CORE REQUIREMENT 6: SORTING, CATEGORIZATION, AND PROCESSING",CORE REQUIREMENT 6,"SORTING, CATEGORIZATION, AND PROCESSING",Are REC categories or equivalent used for all materials?,Category correlation documentation,Yes,COMPLIANT,HIGH,100,Assumed compliant baseline; provide objective evidence per question.,
68,"CORE REQUIREMENT 6: SORTING, CATEGORIZATION, AND PROCESSING",CORE REQUIREMENT 6,"SORTING, CATEGORIZATION, AND PROCESSING",How are data storage devices identified during sorting?,Data device identification procedures,Yes,COMPLIANT,HIGH,100,Assumed compliant baseline; provide objective evidence per question.,
69,"CORE REQUIREMENT 6: SORTING, CATEGORIZATION, AND PROCESSING",CORE REQUIREMENT 6,"SORTING, CATEGORIZATION, AND PROCESSING",Are reuse capability criteria clearly defined?,Written evaluation criteria,Yes,COMPLIANT,HIGH,100,Assumed compliant baseline; provide objective evidence per question.,
70,"CORE REQUIREMENT 6: SORTING, CATEGORIZATION, AND PROCESSING",CORE REQUIREMENT 6,"SORTING, CATEGORIZATION, AND PROCESSING",Is equipment re-evaluated when processing changes categories?,Re-categorization procedures,Yes,COMPLIANT,HIGH,100,Assumed compliant baseline; provide objective evidence per question.,
71,"CORE REQUIREMENT 6: SORTING, CATEGORIZATION, AND PROCESSING",CORE REQUIREMENT 6,"SORTING, CATEGORIZATION, AND PROCESSING",How are R2 Controlled Streams distinguished from Unrestricted?,Clear identification methods,Yes,COMPLIANT,HIGH,100,Assumed compliant baseline; provide objective evidence per question.,
72,"CORE REQUIREMENT 6: SORTING, CATEGORIZATION, AND PROCESSING",CORE REQUIREMENT 6,"SORTING, CATEGORIZATION, AND PROCESSING",Are materials from other R2 facilities properly recognized?,Verification procedures for R2 materials,Yes,COMPLIANT,HIGH,100,Assumed compliant baseline; provide objective evidence per question.,
73,"CORE REQUIREMENT 6: SORTING, CATEGORIZATION, AND PROCESSING",CORE REQUIREMENT 6,"SORTING, CATEGORIZATION, AND PROCESSING",Is sampling used to verify non-R2 facility categorization?,Documented sampling process,Yes,COMPLIANT,HIGH,100,Assumed compliant baseline; provide objective evidence per question.,
74,"CORE REQUIREMENT 6: SORTING, CATEGORIZATION, AND PROCESSING",CORE REQUIREMENT 6,"SORTING, CATEGORIZATION, AND PROCESSING",Are data-containing devices secured until sanitized?,Security controls and access logs,Yes,COMPLIANT,HIGH,100,Assumed compliant baseline; provide objective evidence per question.,
75,"CORE REQUIREMENT 6: SORTING, CATEGORIZATION, AND PROCESSING",CORE REQUIREMENT 6,"SORTING, CATEGORIZATION, AND PROCESSING",Are commercial agreements restricting reuse followed?,Contract compliance procedures,Yes,COMPLIANT,HIGH,100,Assumed compliant baseline; provide objective evidence per question.,
76,"CORE REQUIREMENT 6: SORTING, CATEGORIZATION, AND PROCESSING",CORE REQUIREMENT 6,"SORTING, CATEGORIZATION, AND PROCESSING",Is reusable equipment assigned unique identifiers?,Serialization or batch tracking system,Yes,COMPLIANT,HIGH,100,Assumed compliant baseline; provide objective evidence per question.,
77,"CORE REQUIREMENT 6: SORTING, CATEGORIZATION, AND PROCESSING",CORE REQUIREMENT 6,"SORTING, CATEGORIZATION, AND PROCESSING",Are functioning products properly categorized before sale?,REC category assignment records,Yes,COMPLIANT,HIGH,100,Assumed compliant baseline; provide objective evidence per question.,
78,"CORE REQUIREMENT 6: SORTING, CATEGORIZATION, AND PROCESSING",CORE REQUIREMENT 6,"SORTING, CATEGORIZATION, AND PROCESSING",Is cosmetic condition disclosed to buyers?,Condition grading documentation,Yes,COMPLIANT,HIGH,100,Assumed compliant baseline; provide objective evidence per question.,
79,"CORE REQUIREMENT 6: SORTING, CATEGORIZATION, AND PROCESSING",CORE REQUIREMENT 6,"SORTING, CATEGORIZATION, AND PROCESSING",Are collectible electronics properly managed?,Procedures for vintage/rare items,Yes,COMPLIANT,HIGH,100,Assumed compliant baseline; provide objective evidence per question.,
80,"CORE REQUIREMENT 6: SORTING, CATEGORIZATION, AND PROCESSING",CORE REQUIREMENT 6,"SORTING, CATEGORIZATION, AND PROCESSING",How are prohibited items excluded from reuse?,Screening for recalled/counterfeit products,Yes,COMPLIANT,HIGH,100,Assumed compliant baseline; provide objective evidence per question.,
81,CORE REQUIREMENT 7: DATA SECURITY,CORE REQUIREMENT 7,DATA SECURITY,Does the facility have a comprehensive Data Sanitization Plan?,Written plan with all required elements,Yes,COMPLIANT,HIGH,100,Assumed compliant baseline; provide objective evidence per question.,
82,CORE REQUIREMENT 7: DATA SECURITY,CORE REQUIREMENT 7,DATA SECURITY,Are secured areas for data sanitization defined?,Physical security documentation,Yes,COMPLIANT,HIGH,100,Assumed compliant baseline; provide objective evidence per question.,
83,CORE REQUIREMENT 7: DATA SECURITY,CORE REQUIREMENT 7,DATA SECURITY,Are all data storage device types identified?,List of accepted device types,Yes,COMPLIANT,HIGH,100,Assumed compliant baseline; provide objective evidence per question.,
84,CORE REQUIREMENT 7: DATA SECURITY,CORE REQUIREMENT 7,DATA SECURITY,Is general information distinguished from protected data?,Data classification procedures,Yes,COMPLIANT,HIGH,100,Assumed compliant baseline; provide objective evidence per question.,
85,CORE REQUIREMENT 7: DATA SECURITY,CORE REQUIREMENT 7,DATA SECURITY,How are network service connections addressed?,Account removal procedures,Yes,COMPLIANT,HIGH,100,Assumed compliant baseline; provide objective evidence per question.,
86,CORE REQUIREMENT 7: DATA SECURITY,CORE REQUIREMENT 7,DATA SECURITY,Are data breach regulations identified?,Privacy law compliance documentation,Yes,COMPLIANT,HIGH,100,Assumed compliant baseline; provide objective evidence per question.,
87,CORE REQUIREMENT 7: DATA SECURITY,CORE REQUIREMENT 7,DATA SECURITY,Are sanitization methods defined for each device type?,Method specifications by device,Yes,COMPLIANT,HIGH,100,Assumed compliant baseline; provide objective evidence per question.,
88,CORE REQUIREMENT 7: DATA SECURITY,CORE REQUIREMENT 7,DATA SECURITY,Is there a Data Protection Representative designated?,Named individual with authority,Yes,COMPLIANT,HIGH,100,Assumed compliant baseline; provide objective evidence per question.,
89,CORE REQUIREMENT 7: DATA SECURITY,CORE REQUIREMENT 7,DATA SECURITY,Are workers trained on data security policies?,Training records and competency verification,Yes,COMPLIANT,HIGH,100,Assumed compliant baseline; provide objective evidence per question.,
90,CORE REQUIREMENT 7: DATA SECURITY,CORE REQUIREMENT 7,DATA SECURITY,Are security authorizations properly managed?,Authorization levels and access controls,Yes,COMPLIANT,HIGH,100,Assumed compliant baseline; provide objective evidence per question.,
91,CORE REQUIREMENT 7: DATA SECURITY,CORE REQUIREMENT 7,DATA SECURITY,Is unauthorized access to data areas prevented?,Access logs and security measures,Yes,COMPLIANT,HIGH,100,Assumed compliant baseline; provide objective evidence per question.,
92,CORE REQUIREMENT 7: DATA SECURITY,CORE REQUIREMENT 7,DATA SECURITY,Are data breach response procedures documented?,Incident response plan,Yes,COMPLIANT,HIGH,100,Assumed compliant baseline; provide objective evidence per question.,
93,CORE REQUIREMENT 7: DATA SECURITY,CORE REQUIREMENT 7,DATA SECURITY,Do suppliers receive confirmation of receipt?,Receipt acknowledgment records,Yes,COMPLIANT,HIGH,100,Assumed compliant baseline; provide objective evidence per question.,
94,CORE REQUIREMENT 7: DATA SECURITY,CORE REQUIREMENT 7,DATA SECURITY,Are sanitization methods disclosed to suppliers?,Method disclosure documentation,Yes,COMPLIANT,HIGH,100,Assumed compliant baseline; provide objective evidence per question.,
95,CORE REQUIREMENT 7: DATA SECURITY,CORE REQUIREMENT 7,DATA SECURITY,Are downstream data vendors properly qualified?,DSV data security audit records,Yes,COMPLIANT,HIGH,100,Assumed compliant baseline; provide objective evidence per question.,
96,CORE REQUIREMENT 7: DATA SECURITY,CORE REQUIREMENT 7,DATA SECURITY,Are internal data audits conducted annually?,Independent audit reports,Yes,COMPLIANT,HIGH,100,Assumed compliant baseline; provide objective evidence per question.,
97,CORE REQUIREMENT 7: DATA SECURITY,CORE REQUIREMENT 7,DATA SECURITY,Are confidentiality agreements required?,Signed agreements for data handlers,Yes,COMPLIANT,HIGH,100,Assumed compliant baseline; provide objective evidence per question.,
98,CORE REQUIREMENT 7: DATA SECURITY,CORE REQUIREMENT 7,DATA SECURITY,How is physical destruction verified as complete?,100% destruction verification process,Yes,COMPLIANT,HIGH,100,Assumed compliant baseline; provide objective evidence per question.,
99,CORE REQUIREMENT 7: DATA SECURITY,CORE REQUIREMENT 7,DATA SECURITY,Are security breaches reported to affected parties?,Breach notification procedures,Yes,COMPLIANT,HIGH,100,Assumed compliant baseline; provide objective evidence per question.,
100,CORE REQUIREMENT 7: DATA SECURITY,CORE REQUIREMENT 7,DATA SECURITY,Is equipment theft tracked and reported?,Theft reporting procedures,Yes,COMPLIANT,HIGH,100,Assumed compliant baseline; provide objective evidence per question.,
101,CORE REQUIREMENT 8: FOCUS MATERIALS,CORE REQUIREMENT 8,FOCUS MATERIALS,Does the facility have a current FM Management Plan?,Written plan updated regularly,Yes,COMPLIANT,HIGH,100,Assumed compliant baseline; provide objective evidence per question.,
102,CORE REQUIREMENT 8: FOCUS MATERIALS,CORE REQUIREMENT 8,FOCUS MATERIALS,Are all FM types identified in the plan?,Complete FM listing,Yes,COMPLIANT,HIGH,100,Assumed compliant baseline; provide objective evidence per question.,
103,CORE REQUIREMENT 8: FOCUS MATERIALS,CORE REQUIREMENT 8,FOCUS MATERIALS,Is demonstrated expertise documented for each FM?,Capability documentation by FM type,Yes,COMPLIANT,HIGH,100,Assumed compliant baseline; provide objective evidence per question.,
104,CORE REQUIREMENT 8: FOCUS MATERIALS,CORE REQUIREMENT 8,FOCUS MATERIALS,Are processing methods defined for each FM?,Method specifications,Yes,COMPLIANT,HIGH,100,Assumed compliant baseline; provide objective evidence per question.,
105,CORE REQUIREMENT 8: FOCUS MATERIALS,CORE REQUIREMENT 8,FOCUS MATERIALS,Is the downstream recycling chain flowcharted?,Visual flowchart to final disposition,Yes,COMPLIANT,HIGH,100,Assumed compliant baseline; provide objective evidence per question.,
106,CORE REQUIREMENT 8: FOCUS MATERIALS,CORE REQUIREMENT 8,FOCUS MATERIALS,Are international FM movements identified?,Transboundary movement documentation,Yes,COMPLIANT,HIGH,100,Assumed compliant baseline; provide objective evidence per question.,
107,CORE REQUIREMENT 8: FOCUS MATERIALS,CORE REQUIREMENT 8,FOCUS MATERIALS,Are print cartridges managed appropriately?,OEM or remanufacturer routing,Yes,COMPLIANT,HIGH,100,Assumed compliant baseline; provide objective evidence per question.,
108,CORE REQUIREMENT 8: FOCUS MATERIALS,CORE REQUIREMENT 8,FOCUS MATERIALS,How are PCB-containing items managed?,PCB identification and handling procedures,Yes,COMPLIANT,HIGH,100,Assumed compliant baseline; provide objective evidence per question.,
109,CORE REQUIREMENT 8: FOCUS MATERIALS,CORE REQUIREMENT 8,FOCUS MATERIALS,Are mercury-containing devices properly handled?,Mercury management procedures,Yes,COMPLIANT,HIGH,100,Assumed compliant baseline; provide objective evidence per question.,
110,CORE REQUIREMENT 8: FOCUS MATERIALS,CORE REQUIREMENT 8,FOCUS MATERIALS,Is CRT glass processed according to requirements?,CRT processing documentation,Yes,COMPLIANT,HIGH,100,Assumed compliant baseline; provide objective evidence per question.,
111,CORE REQUIREMENT 8: FOCUS MATERIALS,CORE REQUIREMENT 8,FOCUS MATERIALS,Are all battery types properly managed?,Battery sorting and routing procedures,Yes,COMPLIANT,HIGH,100,Assumed compliant baseline; provide objective evidence per question.,
112,CORE REQUIREMENT 8: FOCUS MATERIALS,CORE REQUIREMENT 8,FOCUS MATERIALS,Are circuit boards tracked to metal recovery?,Circuit board downstream documentation,Yes,COMPLIANT,HIGH,100,Assumed compliant baseline; provide objective evidence per question.,
113,CORE REQUIREMENT 8: FOCUS MATERIALS,CORE REQUIREMENT 8,FOCUS MATERIALS,How are solar cells from PV modules managed?,Solar cell recovery procedures,Yes,COMPLIANT,HIGH,100,Assumed compliant baseline; provide objective evidence per question.,
114,CORE REQUIREMENT 8: FOCUS MATERIALS,CORE REQUIREMENT 8,FOCUS MATERIALS,Are de minimis FM amounts properly determined?,De minimis determination procedures,Yes,COMPLIANT,HIGH,100,Assumed compliant baseline; provide objective evidence per question.,
115,CORE REQUIREMENT 8: FOCUS MATERIALS,CORE REQUIREMENT 8,FOCUS MATERIALS,Is FM tracking maintained to final disposition?,Complete chain documentation,Yes,COMPLIANT,HIGH,100,Assumed compliant baseline; provide objective evidence per question.,
116,CORE REQUIREMENT 9: FACILITY REQUIREMENTS,CORE REQUIREMENT 9,FACILITY REQUIREMENTS,Are all processing operations conducted indoors?,Indoor processing or outdoor risk assessment,Yes,COMPLIANT,HIGH,100,Assumed compliant baseline; provide objective evidence per question.,
117,CORE REQUIREMENT 9: FACILITY REQUIREMENTS,CORE REQUIREMENT 9,FACILITY REQUIREMENTS,Are R2 Controlled Streams stored properly?,Weather protection and security measures,Yes,COMPLIANT,HIGH,100,Assumed compliant baseline; provide objective evidence per question.,
118,CORE REQUIREMENT 9: FACILITY REQUIREMENTS,CORE REQUIREMENT 9,FACILITY REQUIREMENTS,Is reuse equipment stored in enclosed environments?,Protected storage verification,Yes,COMPLIANT,HIGH,100,Assumed compliant baseline; provide objective evidence per question.,
119,CORE REQUIREMENT 9: FACILITY REQUIREMENTS,CORE REQUIREMENT 9,FACILITY REQUIREMENTS,Are storage areas clearly labeled?,Container and area labeling,Yes,COMPLIANT,HIGH,100,Assumed compliant baseline; provide objective evidence per question.,
120,CORE REQUIREMENT 9: FACILITY REQUIREMENTS,CORE REQUIREMENT 9,FACILITY REQUIREMENTS,Does the facility have appropriate insurance coverage?,Current insurance certificates,Yes,COMPLIANT,HIGH,100,Assumed compliant baseline; provide objective evidence per question.,
121,CORE REQUIREMENT 9: FACILITY REQUIREMENTS,CORE REQUIREMENT 9,FACILITY REQUIREMENTS,Is workers' compensation insurance maintained?,Workers' comp policy documentation,Yes,COMPLIANT,HIGH,100,Assumed compliant baseline; provide objective evidence per question.,
122,CORE REQUIREMENT 9: FACILITY REQUIREMENTS,CORE REQUIREMENT 9,FACILITY REQUIREMENTS,Does the facility have a written closure plan?,Current closure plan document,Yes,COMPLIANT,HIGH,100,Assumed compliant baseline; provide objective evidence per question.,
123,CORE REQUIREMENT 9: FACILITY REQUIREMENTS,CORE REQUIREMENT 9,FACILITY REQUIREMENTS,Are closure costs properly estimated?,Cost calculations including remediation,Yes,COMPLIANT,HIGH,100,Assumed compliant baseline; provide objective evidence per question.,
124,CORE REQUIREMENT 9: FACILITY REQUIREMENTS,CORE REQUIREMENT 9,FACILITY REQUIREMENTS,Is financial assurance established for closure?,"Bond, insurance, or other instrument",Yes,COMPLIANT,HIGH,100,Assumed compliant baseline; provide objective evidence per question.,
125,CORE REQUIREMENT 9: FACILITY REQUIREMENTS,CORE REQUIREMENT 9,FACILITY REQUIREMENTS,Are financial instrument exemptions properly justified?,Documentation meeting all three criteria,Yes,COMPLIANT,HIGH,100,Assumed compliant baseline; provide objective evidence per question.,
126,CORE REQUIREMENT 9: FACILITY REQUIREMENTS,CORE REQUIREMENT 9,FACILITY REQUIREMENTS,Is pollution liability insurance maintained?,Pollution policy if required,Yes,COMPLIANT,HIGH,100,Assumed compliant baseline; provide objective evidence per question.,
127,CORE REQUIREMENT 9: FACILITY REQUIREMENTS,CORE REQUIREMENT 9,FACILITY REQUIREMENTS,Are storage areas secure from unauthorized access?,Security measures documentation,Yes,COMPLIANT,HIGH,100,Assumed compliant baseline; provide objective evidence per question.,
128,CORE REQUIREMENT 9: FACILITY REQUIREMENTS,CORE REQUIREMENT 9,FACILITY REQUIREMENTS,Is the facility properly zoned for operations?,Commercial/industrial zoning verification,Yes,COMPLIANT,HIGH,100,Assumed compliant baseline; provide objective evidence per question.,
129,CORE REQUIREMENT 9: FACILITY REQUIREMENTS,CORE REQUIREMENT 9,FACILITY REQUIREMENTS,Are risks evaluated for changes in operations?,Risk reassessment records,Yes,COMPLIANT,HIGH,100,Assumed compliant baseline; provide objective evidence per question.,
130,CORE REQUIREMENT 9: FACILITY REQUIREMENTS,CORE REQUIREMENT 9,FACILITY REQUIREMENTS,Are reserves appropriate for operational risks?,Reserve adequacy documentation,Yes,COMPLIANT,HIGH,100,Assumed compliant baseline; provide objective evidence per question.,
131,CORE REQUIREMENT 10: TRANSPORT,CORE REQUIREMENT 10,TRANSPORT,Are materials packed to prevent damage during transport?,Packaging procedures and standards,Yes,COMPLIANT,HIGH,100,Assumed compliant baseline; provide objective evidence per question.,
132,CORE REQUIREMENT 10: TRANSPORT,CORE REQUIREMENT 10,TRANSPORT,Are data-containing devices secured during transport?,Security measures for shipments,Yes,COMPLIANT,HIGH,100,Assumed compliant baseline; provide objective evidence per question.,
133,CORE REQUIREMENT 10: TRANSPORT,CORE REQUIREMENT 10,TRANSPORT,Are packages concealed from public view?,Concealment methods documentation,Yes,COMPLIANT,HIGH,100,Assumed compliant baseline; provide objective evidence per question.,
134,CORE REQUIREMENT 10: TRANSPORT,CORE REQUIREMENT 10,TRANSPORT,Are shipping documents accurately coded?,Proper waste codes and descriptions,Yes,COMPLIANT,HIGH,100,Assumed compliant baseline; provide objective evidence per question.,
135,CORE REQUIREMENT 10: TRANSPORT,CORE REQUIREMENT 10,TRANSPORT,Are transporters properly qualified?,Transporter permits and qualifications,Yes,COMPLIANT,HIGH,100,Assumed compliant baseline; provide objective evidence per question.,
136,CORE REQUIREMENT 10: TRANSPORT,CORE REQUIREMENT 10,TRANSPORT,Is chain of custody maintained during transport?,Tracking and custody documentation,Yes,COMPLIANT,HIGH,100,Assumed compliant baseline; provide objective evidence per question.,
137,CORE REQUIREMENT 10: TRANSPORT,CORE REQUIREMENT 10,TRANSPORT,Are hazmat requirements followed?,DOT/IATA compliance documentation,Yes,COMPLIANT,HIGH,100,Assumed compliant baseline; provide objective evidence per question.,
138,CORE REQUIREMENT 10: TRANSPORT,CORE REQUIREMENT 10,TRANSPORT,Are export declarations accurate?,Customs documentation review,Yes,COMPLIANT,HIGH,100,Assumed compliant baseline; provide objective evidence per question.,
139,CORE REQUIREMENT 10: TRANSPORT,CORE REQUIREMENT 10,TRANSPORT,Are transport contracts enforced?,Contract compliance monitoring,Yes,COMPLIANT,HIGH,100,Assumed compliant baseline; provide objective evidence per question.,
140,CORE REQUIREMENT 10: TRANSPORT,CORE REQUIREMENT 10,TRANSPORT,Is packaging appropriate for intended use?,Use-based packaging standards,Yes,COMPLIANT,HIGH,100,Assumed compliant baseline; provide objective evidence per question.,
141,APPENDIX A: DOWNSTREAM RECYCLING CHAIN,APPENDIX A,DOWNSTREAM RECYCLING CHAIN,Are all downstream vendors identified and qualified?,Complete DSV listing with qualifications,Yes,COMPLIANT,HIGH,100,Assumed compliant baseline; provide objective evidence per question.,
142,APPENDIX A: DOWNSTREAM RECYCLING CHAIN,APPENDIX A,DOWNSTREAM RECYCLING CHAIN,Is 100% due diligence performed on active DSVs?,Due diligence records for all vendors,Yes,COMPLIANT,HIGH,100,Assumed compliant baseline; provide objective evidence per question.,
143,APPENDIX A: DOWNSTREAM RECYCLING CHAIN,APPENDIX A,DOWNSTREAM RECYCLING CHAIN,Are R2 certifications verified as current?,R2 certificate verification records,Yes,COMPLIANT,HIGH,100,Assumed compliant baseline; provide objective evidence per question.,
144,APPENDIX A: DOWNSTREAM RECYCLING CHAIN,APPENDIX A,DOWNSTREAM RECYCLING CHAIN,Are non-R2 vendors audited annually?,Annual audit reports,Yes,COMPLIANT,HIGH,100,Assumed compliant baseline; provide objective evidence per question.,
145,APPENDIX A: DOWNSTREAM RECYCLING CHAIN,APPENDIX A,DOWNSTREAM RECYCLING CHAIN,Is the recycling chain tracked to final disposition?,Complete chain documentation,Yes,COMPLIANT,HIGH,100,Assumed compliant baseline; provide objective evidence per question.,
146,APPENDIX A: DOWNSTREAM RECYCLING CHAIN,APPENDIX A,DOWNSTREAM RECYCLING CHAIN,Are DSV changes registered with SERI if using A(4)(b)?,SERI registration confirmation,Yes,COMPLIANT,HIGH,100,Assumed compliant baseline; provide objective evidence per question.,
147,APPENDIX A: DOWNSTREAM RECYCLING CHAIN,APPENDIX A,DOWNSTREAM RECYCLING CHAIN,Are transboundary movements verified as legal?,Import/export compliance documentation,Yes,COMPLIANT,HIGH,100,Assumed compliant baseline; provide objective evidence per question.,
148,APPENDIX A: DOWNSTREAM RECYCLING CHAIN,APPENDIX A,DOWNSTREAM RECYCLING CHAIN,Is waste status determined for international shipments?,Waste determination procedures,Yes,COMPLIANT,HIGH,100,Assumed compliant baseline; provide objective evidence per question.,
149,APPENDIX A: DOWNSTREAM RECYCLING CHAIN,APPENDIX A,DOWNSTREAM RECYCLING CHAIN,Are DSV capabilities verified for FM processing?,Capability assessment documentation,Yes,COMPLIANT,HIGH,100,Assumed compliant baseline; provide objective evidence per question.,
150,APPENDIX A: DOWNSTREAM RECYCLING CHAIN,APPENDIX A,DOWNSTREAM RECYCLING CHAIN,Do DSVs have required management systems?,DSV EHSMS verification,Yes,COMPLIANT,HIGH,100,Assumed compliant baseline; provide objective evidence per question.,
151,APPENDIX A: DOWNSTREAM RECYCLING CHAIN,APPENDIX A,DOWNSTREAM RECYCLING CHAIN,Are DSV permits current and appropriate?,Permit verification records,Yes,COMPLIANT,HIGH,100,Assumed compliant baseline; provide objective evidence per question.,
152,APPENDIX A: DOWNSTREAM RECYCLING CHAIN,APPENDIX A,DOWNSTREAM RECYCLING CHAIN,Are data sanitization DSVs properly audited?,Independent audit by qualified auditor,Yes,COMPLIANT,HIGH,100,Assumed compliant baseline; provide objective evidence per question.,
153,APPENDIX A: DOWNSTREAM RECYCLING CHAIN,APPENDIX A,DOWNSTREAM RECYCLING CHAIN,Do refurbishment DSVs only sell functional equipment?,DSV sales verification,Yes,COMPLIANT,HIGH,100,Assumed compliant baseline; provide objective evidence per question.,
154,APPENDIX A: DOWNSTREAM RECYCLING CHAIN,APPENDIX A,DOWNSTREAM RECYCLING CHAIN,Are materials recovery DSVs compliant with Appendix E?,Appendix E compliance verification,Yes,COMPLIANT,HIGH,100,Assumed compliant baseline; provide objective evidence per question.,
155,APPENDIX A: DOWNSTREAM RECYCLING CHAIN,APPENDIX A,DOWNSTREAM RECYCLING CHAIN,Are brokering DSVs qualified to Appendix F?,Broker qualification records,Yes,COMPLIANT,HIGH,100,Assumed compliant baseline; provide objective evidence per question.,
156,APPENDIX A: DOWNSTREAM RECYCLING CHAIN,APPENDIX A,DOWNSTREAM RECYCLING CHAIN,Is DSV throughput tracking verified?,DSV tracking documentation,Yes,COMPLIANT,HIGH,100,Assumed compliant baseline; provide objective evidence per question.,
157,APPENDIX A: DOWNSTREAM RECYCLING CHAIN,APPENDIX A,DOWNSTREAM RECYCLING CHAIN,Are negative value materials covered by insurance?,Pollution liability verification,Yes,COMPLIANT,HIGH,100,Assumed compliant baseline; provide objective evidence per question.,
158,APPENDIX A: DOWNSTREAM RECYCLING CHAIN,APPENDIX A,DOWNSTREAM RECYCLING CHAIN,Are supplier notifications provided upon request?,Transparency procedures,Yes,COMPLIANT,HIGH,100,Assumed compliant baseline; provide objective evidence per question.,
159,APPENDIX A: DOWNSTREAM RECYCLING CHAIN,APPENDIX A,DOWNSTREAM RECYCLING CHAIN,Is receipt at DSVs verified?,Delivery confirmation records,Yes,COMPLIANT,HIGH,100,Assumed compliant baseline; provide objective evidence per question.,
160,APPENDIX A: DOWNSTREAM RECYCLING CHAIN,APPENDIX A,DOWNSTREAM RECYCLING CHAIN,Are DSV storage times monitored?,<1 year storage verification,Yes,COMPLIANT,HIGH,100,Assumed compliant baseline; provide objective evidence per question.,
161,APPENDIX B: DATA SANITIZATION,APPENDIX B,DATA SANITIZATION,Are logical and physical sanitization methods defined?,Method specifications for each,Yes,COMPLIANT,HIGH,100,Assumed compliant baseline; provide objective evidence per question.,
162,APPENDIX B: DATA SANITIZATION,APPENDIX B,DATA SANITIZATION,Are quality controls documented for verification?,QC procedures and records,Yes,COMPLIANT,HIGH,100,Assumed compliant baseline; provide objective evidence per question.,
163,APPENDIX B: DATA SANITIZATION,APPENDIX B,DATA SANITIZATION,Is device traceability maintained through sanitization?,Unique identifier tracking,Yes,COMPLIANT,HIGH,100,Assumed compliant baseline; provide objective evidence per question.,
164,APPENDIX B: DATA SANITIZATION,APPENDIX B,DATA SANITIZATION,Are workers trained on specific sanitization methods?,Method-specific training records,Yes,COMPLIANT,HIGH,100,Assumed compliant baseline; provide objective evidence per question.,
165,APPENDIX B: DATA SANITIZATION,APPENDIX B,DATA SANITIZATION,Are user markings removed from devices?,Label removal procedures,Yes,COMPLIANT,HIGH,100,Assumed compliant baseline; provide objective evidence per question.,
166,APPENDIX B: DATA SANITIZATION,APPENDIX B,DATA SANITIZATION,Are physical security controls appropriate?,Locked/alarmed access points,Yes,COMPLIANT,HIGH,100,Assumed compliant baseline; provide objective evidence per question.,
167,APPENDIX B: DATA SANITIZATION,APPENDIX B,DATA SANITIZATION,Are work areas fully enclosed and secured?,Enclosed space verification,Yes,COMPLIANT,HIGH,100,Assumed compliant baseline; provide objective evidence per question.,
168,APPENDIX B: DATA SANITIZATION,APPENDIX B,DATA SANITIZATION,Is CCTV coverage comprehensive with 60-day retention?,Camera coverage map and recordings,Yes,COMPLIANT,HIGH,100,Assumed compliant baseline; provide objective evidence per question.,
169,APPENDIX B: DATA SANITIZATION,APPENDIX B,DATA SANITIZATION,Is security actively monitored?,Monitoring procedures and logs,Yes,COMPLIANT,HIGH,100,Assumed compliant baseline; provide objective evidence per question.,
170,APPENDIX B: DATA SANITIZATION,APPENDIX B,DATA SANITIZATION,Are security controls regularly tested?,Security test records,Yes,COMPLIANT,HIGH,100,Assumed compliant baseline; provide objective evidence per question.,
171,APPENDIX B: DATA SANITIZATION,APPENDIX B,DATA SANITIZATION,Can any device be located at any time?,Real-time inventory tracking,Yes,COMPLIANT,HIGH,100,Assumed compliant baseline; provide objective evidence per question.,
172,APPENDIX B: DATA SANITIZATION,APPENDIX B,DATA SANITIZATION,Are off-site sanitization services compliant?,Off-site compliance verification,Yes,COMPLIANT,HIGH,100,Assumed compliant baseline; provide objective evidence per question.,
173,APPENDIX B: DATA SANITIZATION,APPENDIX B,DATA SANITIZATION,Are physical destruction methods appropriate?,Table 1 method compliance,Yes,COMPLIANT,HIGH,100,Assumed compliant baseline; provide objective evidence per question.,
174,APPENDIX B: DATA SANITIZATION,APPENDIX B,DATA SANITIZATION,Are NSA-approved methods used where applicable?,EPL equipment verification,Yes,COMPLIANT,HIGH,100,Assumed compliant baseline; provide objective evidence per question.,
175,APPENDIX B: DATA SANITIZATION,APPENDIX B,DATA SANITIZATION,Are degaussers rated for media types?,Degausser specifications,Yes,COMPLIANT,HIGH,100,Assumed compliant baseline; provide objective evidence per question.,
176,APPENDIX B: DATA SANITIZATION,APPENDIX B,DATA SANITIZATION,Are more stringent customer requirements met?,Customer requirement compliance,Yes,COMPLIANT,HIGH,100,Assumed compliant baseline; provide objective evidence per question.,
177,APPENDIX B: DATA SANITIZATION,APPENDIX B,DATA SANITIZATION,Are destruction videos retained for 60 days?,Video retention verification,Yes,COMPLIANT,HIGH,100,Assumed compliant baseline; provide objective evidence per question.,
178,APPENDIX B: DATA SANITIZATION,APPENDIX B,DATA SANITIZATION,Are software sanitization records complete?,Electronic records by serial number,Yes,COMPLIANT,HIGH,100,Assumed compliant baseline; provide objective evidence per question.,
179,APPENDIX B: DATA SANITIZATION,APPENDIX B,DATA SANITIZATION,Is software configured to sanitize all locations?,Software configuration verification,Yes,COMPLIANT,HIGH,100,Assumed compliant baseline; provide objective evidence per question.,
180,APPENDIX B: DATA SANITIZATION,APPENDIX B,DATA SANITIZATION,Is software maintained with current patches?,Patch management records,Yes,COMPLIANT,HIGH,100,Assumed compliant baseline; provide objective evidence per question.,
181,APPENDIX B: DATA SANITIZATION,APPENDIX B,DATA SANITIZATION,Are remote service connections removed?,Account disconnection procedures,Yes,COMPLIANT,HIGH,100,Assumed compliant baseline; provide objective evidence per question.,
182,APPENDIX B: DATA SANITIZATION,APPENDIX B,DATA SANITIZATION,Is 1-5% sampling performed on logical sanitization?,Sampling records and results,Yes,COMPLIANT,HIGH,100,Assumed compliant baseline; provide objective evidence per question.,
183,APPENDIX B: DATA SANITIZATION,APPENDIX B,DATA SANITIZATION,Are unsuccessful sanitizations physically destroyed?,Failed device destruction records,Yes,COMPLIANT,HIGH,100,Assumed compliant baseline; provide objective evidence per question.,
184,APPENDIX B: DATA SANITIZATION,APPENDIX B,DATA SANITIZATION,Are quantities processed reconciled with received?,Quantity reconciliation records,Yes,COMPLIANT,HIGH,100,Assumed compliant baseline; provide objective evidence per question.,
185,APPENDIX B: DATA SANITIZATION,APPENDIX B,DATA SANITIZATION,Is Data Protection Representative approval required?,Release authorization records,Yes,COMPLIANT,HIGH,100,Assumed compliant baseline; provide objective evidence per question.,
186,APPENDIX C: TEST AND REPAIR,APPENDIX C,TEST AND REPAIR,Is QMS certification maintained for test/repair operations?,Valid QMS certificate with appropriate scope,Yes,COMPLIANT,HIGH,100,Assumed compliant baseline; provide objective evidence per question.,
187,APPENDIX C: TEST AND REPAIR,APPENDIX C,TEST AND REPAIR,Is an R2 Reuse Plan documented?,Complete reuse plan document,Yes,COMPLIANT,HIGH,100,Assumed compliant baseline; provide objective evidence per question.,
188,APPENDIX C: TEST AND REPAIR,APPENDIX C,TEST AND REPAIR,Are worker competencies defined and verified?,Competency requirements and records,Yes,COMPLIANT,HIGH,100,Assumed compliant baseline; provide objective evidence per question.,
189,APPENDIX C: TEST AND REPAIR,APPENDIX C,TEST AND REPAIR,Are product safety plans implemented?,Safety verification procedures,Yes,COMPLIANT,HIGH,100,Assumed compliant baseline; provide objective evidence per question.,
190,APPENDIX C: TEST AND REPAIR,APPENDIX C,TEST AND REPAIR,Are test plans defined for each equipment type?,Function-specific test procedures,Yes,COMPLIANT,HIGH,100,Assumed compliant baseline; provide objective evidence per question.,
191,APPENDIX C: TEST AND REPAIR,APPENDIX C,TEST AND REPAIR,Are pass/fail criteria clearly established?,Documented acceptance criteria,Yes,COMPLIANT,HIGH,100,Assumed compliant baseline; provide objective evidence per question.,
192,APPENDIX C: TEST AND REPAIR,APPENDIX C,TEST AND REPAIR,Are test results documented and stored?,Test records by serial number,Yes,COMPLIANT,HIGH,100,Assumed compliant baseline; provide objective evidence per question.,
193,APPENDIX C: TEST AND REPAIR,APPENDIX C,TEST AND REPAIR,Are quality assurance plans effective?,QA procedures and metrics,Yes,COMPLIANT,HIGH,100,Assumed compliant baseline; provide objective evidence per question.,
194,APPENDIX C: TEST AND REPAIR,APPENDIX C,TEST AND REPAIR,Is test equipment accuracy verified?,Calibration records,Yes,COMPLIANT,HIGH,100,Assumed compliant baseline; provide objective evidence per question.,
195,APPENDIX C: TEST AND REPAIR,APPENDIX C,TEST AND REPAIR,Are failed items prevented from unintended use?,Segregation and control procedures,Yes,COMPLIANT,HIGH,100,Assumed compliant baseline; provide objective evidence per question.,
196,APPENDIX C: TEST AND REPAIR,APPENDIX C,TEST AND REPAIR,Is a product return policy maintained?,Return policy documentation,Yes,COMPLIANT,HIGH,100,Assumed compliant baseline; provide objective evidence per question.,
197,APPENDIX C: TEST AND REPAIR,APPENDIX C,TEST AND REPAIR,Are items tested within one year of receipt?,Processing time records,Yes,COMPLIANT,HIGH,100,Assumed compliant baseline; provide objective evidence per question.,
198,APPENDIX C: TEST AND REPAIR,APPENDIX C,TEST AND REPAIR,Is data sanitized before testing?,Pre-test sanitization verification,Yes,COMPLIANT,HIGH,100,Assumed compliant baseline; provide objective evidence per question.,
199,APPENDIX C: TEST AND REPAIR,APPENDIX C,TEST AND REPAIR,Are functional categories properly assigned?,REC category assignment records,Yes,COMPLIANT,HIGH,100,Assumed compliant baseline; provide objective evidence per question.,
200,APPENDIX C: TEST AND REPAIR,APPENDIX C,TEST AND REPAIR,Are safety assessments performed on functional equipment?,Safety check documentation,Yes,COMPLIANT,HIGH,100,Assumed compliant baseline; provide objective evidence per question.,
201,APPENDIX C: TEST AND REPAIR,APPENDIX C,TEST AND REPAIR,Are test results maintained for each function?,Complete test documentation,Yes,COMPLIANT,HIGH,100,Assumed compliant baseline; provide objective evidence per question.,
202,APPENDIX C: TEST AND REPAIR,APPENDIX C,TEST AND REPAIR,Are non-functional items properly managed?,Repair or materials recovery routing,Yes,COMPLIANT,HIGH,100,Assumed compliant baseline; provide objective evidence per question.,
203,APPENDIX C: TEST AND REPAIR,APPENDIX C,TEST AND REPAIR,Are reusable components harvested?,Component recovery procedures,Yes,COMPLIANT,HIGH,100,Assumed compliant baseline; provide objective evidence per question.,
204,APPENDIX C: TEST AND REPAIR,APPENDIX C,TEST AND REPAIR,Is cosmetic condition accurately described?,Condition grading standards,Yes,COMPLIANT,HIGH,100,Assumed compliant baseline; provide objective evidence per question.,
205,APPENDIX C: TEST AND REPAIR,APPENDIX C,TEST AND REPAIR,Are recalls checked and addressed?,Recall verification procedures,Yes,COMPLIANT,HIGH,100,Assumed compliant baseline; provide objective evidence per question.,
206,APPENDIX D: SPECIALTY ELECTRONICS REUSE,APPENDIX D,SPECIALTY ELECTRONICS REUSE,Is Appendix C certification also maintained?,Dual certification verification,Yes,COMPLIANT,HIGH,100,Assumed compliant baseline; provide objective evidence per question.,
207,APPENDIX D: SPECIALTY ELECTRONICS REUSE,APPENDIX D,SPECIALTY ELECTRONICS REUSE,Are technicians competent for specialty electronics?,Specialized training records,Yes,COMPLIANT,HIGH,100,Assumed compliant baseline; provide objective evidence per question.,
208,APPENDIX D: SPECIALTY ELECTRONICS REUSE,APPENDIX D,SPECIALTY ELECTRONICS REUSE,Is testable specialty equipment actually tested?,Test records where capable,Yes,COMPLIANT,HIGH,100,Assumed compliant baseline; provide objective evidence per question.,
209,APPENDIX D: SPECIALTY ELECTRONICS REUSE,APPENDIX D,SPECIALTY ELECTRONICS REUSE,Is prior functionality verified for untestable items?,Source verification documentation,Yes,COMPLIANT,HIGH,100,Assumed compliant baseline; provide objective evidence per question.,
210,APPENDIX D: SPECIALTY ELECTRONICS REUSE,APPENDIX D,SPECIALTY ELECTRONICS REUSE,Are items inspected for physical damage?,Visual inspection records,Yes,COMPLIANT,HIGH,100,Assumed compliant baseline; provide objective evidence per question.,
211,APPENDIX D: SPECIALTY ELECTRONICS REUSE,APPENDIX D,SPECIALTY ELECTRONICS REUSE,Are part numbers verified as accurate?,Part number verification procedures,Yes,COMPLIANT,HIGH,100,Assumed compliant baseline; provide objective evidence per question.,
212,APPENDIX D: SPECIALTY ELECTRONICS REUSE,APPENDIX D,SPECIALTY ELECTRONICS REUSE,Is data sanitization verified from source?,Source sanitization confirmation,Yes,COMPLIANT,HIGH,100,Assumed compliant baseline; provide objective evidence per question.,
213,APPENDIX D: SPECIALTY ELECTRONICS REUSE,APPENDIX D,SPECIALTY ELECTRONICS REUSE,Are failed verifications properly managed?,Component harvesting procedures,Yes,COMPLIANT,HIGH,100,Assumed compliant baseline; provide objective evidence per question.,
214,APPENDIX D: SPECIALTY ELECTRONICS REUSE,APPENDIX D,SPECIALTY ELECTRONICS REUSE,Are verified items tracked individually?,Unique identifier assignment,Yes,COMPLIANT,HIGH,100,Assumed compliant baseline; provide objective evidence per question.,
215,APPENDIX D: SPECIALTY ELECTRONICS REUSE,APPENDIX D,SPECIALTY ELECTRONICS REUSE,Is specialty equipment protected during storage?,Protective packaging standards,Yes,COMPLIANT,HIGH,100,Assumed compliant baseline; provide objective evidence per question.,
216,APPENDIX D: SPECIALTY ELECTRONICS REUSE,APPENDIX D,SPECIALTY ELECTRONICS REUSE,Are items labeled with facility information?,Label application records,Yes,COMPLIANT,HIGH,100,Assumed compliant baseline; provide objective evidence per question.,
217,APPENDIX D: SPECIALTY ELECTRONICS REUSE,APPENDIX D,SPECIALTY ELECTRONICS REUSE,Are items identified as Verified Specialty Electronics?,REC category assignment,Yes,COMPLIANT,HIGH,100,Assumed compliant baseline; provide objective evidence per question.,
218,APPENDIX D: SPECIALTY ELECTRONICS REUSE,APPENDIX D,SPECIALTY ELECTRONICS REUSE,Do stored items maintain positive value?,Value assessment records,Yes,COMPLIANT,HIGH,100,Assumed compliant baseline; provide objective evidence per question.,
219,APPENDIX D: SPECIALTY ELECTRONICS REUSE,APPENDIX D,SPECIALTY ELECTRONICS REUSE,Are sales limited to specific part requests?,Sales order verification,Yes,COMPLIANT,HIGH,100,Assumed compliant baseline; provide objective evidence per question.,
220,APPENDIX D: SPECIALTY ELECTRONICS REUSE,APPENDIX D,SPECIALTY ELECTRONICS REUSE,Do customers accept untested status?,Customer acknowledgment records,Yes,COMPLIANT,HIGH,100,Assumed compliant baseline; provide objective evidence per question.,
221,APPENDIX D: SPECIALTY ELECTRONICS REUSE,APPENDIX D,SPECIALTY ELECTRONICS REUSE,Are returns accepted at no charge?,No-charge return policy,Yes,COMPLIANT,HIGH,100,Assumed compliant baseline; provide objective evidence per question.,
222,APPENDIX D: SPECIALTY ELECTRONICS REUSE,APPENDIX D,SPECIALTY ELECTRONICS REUSE,Is end-user sales verification available?,Sales tracking to end users,Yes,COMPLIANT,HIGH,100,Assumed compliant baseline; provide objective evidence per question.,
223,APPENDIX D: SPECIALTY ELECTRONICS REUSE,APPENDIX D,SPECIALTY ELECTRONICS REUSE,Are recycling returns offered free?,Free recycling return program,Yes,COMPLIANT,HIGH,100,Assumed compliant baseline; provide objective evidence per question.,
224,APPENDIX D: SPECIALTY ELECTRONICS REUSE,APPENDIX D,SPECIALTY ELECTRONICS REUSE,Are serial numbers tracked on sales documents?,Serial number documentation,Yes,COMPLIANT,HIGH,100,Assumed compliant baseline; provide objective evidence per question.,
225,APPENDIX D: SPECIALTY ELECTRONICS REUSE,APPENDIX D,SPECIALTY ELECTRONICS REUSE,Are storage conditions appropriate for electronics?,Environmental control verification,Yes,COMPLIANT,HIGH,100,Assumed compliant baseline; provide objective evidence per question.,
226,APPENDIX E: MATERIALS RECOVERY,APPENDIX E,MATERIALS RECOVERY,Has a hazards assessment been conducted?,Written hazards identification,Yes,COMPLIANT,HIGH,100,Assumed compliant baseline; provide objective evidence per question.,
227,APPENDIX E: MATERIALS RECOVERY,APPENDIX E,MATERIALS RECOVERY,Is the assessment performed by qualified individuals?,Assessor qualification records,Yes,COMPLIANT,HIGH,100,Assumed compliant baseline; provide objective evidence per question.,
228,APPENDIX E: MATERIALS RECOVERY,APPENDIX E,MATERIALS RECOVERY,Are wash facilities available for decontamination?,Decontamination station verification,Yes,COMPLIANT,HIGH,100,Assumed compliant baseline; provide objective evidence per question.,
229,APPENDIX E: MATERIALS RECOVERY,APPENDIX E,MATERIALS RECOVERY,Are clean eating areas separated from work areas?,Designated clean areas,Yes,COMPLIANT,HIGH,100,Assumed compliant baseline; provide objective evidence per question.,
230,APPENDIX E: MATERIALS RECOVERY,APPENDIX E,MATERIALS RECOVERY,Are work clothes restricted from leaving facility?,Clothing control procedures,Yes,COMPLIANT,HIGH,100,Assumed compliant baseline; provide objective evidence per question.,
231,APPENDIX E: MATERIALS RECOVERY,APPENDIX E,MATERIALS RECOVERY,Is PPE properly cleaned and maintained?,PPE care procedures,Yes,COMPLIANT,HIGH,100,Assumed compliant baseline; provide objective evidence per question.,
232,APPENDIX E: MATERIALS RECOVERY,APPENDIX E,MATERIALS RECOVERY,Are work areas regularly cleaned?,Cleaning schedules and records,Yes,COMPLIANT,HIGH,100,Assumed compliant baseline; provide objective evidence per question.,
233,APPENDIX E: MATERIALS RECOVERY,APPENDIX E,MATERIALS RECOVERY,Are lockout/tagout procedures implemented?,LOTO program documentation,Yes,COMPLIANT,HIGH,100,Assumed compliant baseline; provide objective evidence per question.,
234,APPENDIX E: MATERIALS RECOVERY,APPENDIX E,MATERIALS RECOVERY,Are machine guards in place and functional?,Guard inspection records,Yes,COMPLIANT,HIGH,100,Assumed compliant baseline; provide objective evidence per question.,
235,APPENDIX E: MATERIALS RECOVERY,APPENDIX E,MATERIALS RECOVERY,Are pre-use equipment inspections performed?,Equipment inspection logs,Yes,COMPLIANT,HIGH,100,Assumed compliant baseline; provide objective evidence per question.,
236,APPENDIX E: MATERIALS RECOVERY,APPENDIX E,MATERIALS RECOVERY,Is industrial hygiene monitoring conducted?,Air and wipe sampling results,Yes,COMPLIANT,HIGH,100,Assumed compliant baseline; provide objective evidence per question.,
237,APPENDIX E: MATERIALS RECOVERY,APPENDIX E,MATERIALS RECOVERY,Are mechanical processes re-evaluated annually?,Annual risk reassessment,Yes,COMPLIANT,HIGH,100,Assumed compliant baseline; provide objective evidence per question.,
238,APPENDIX E: MATERIALS RECOVERY,APPENDIX E,MATERIALS RECOVERY,Is mercury monitored where lamps are processed?,Mercury monitoring data,Yes,COMPLIANT,HIGH,100,Assumed compliant baseline; provide objective evidence per question.,
239,APPENDIX E: MATERIALS RECOVERY,APPENDIX E,MATERIALS RECOVERY,Is medical monitoring provided for exposures?,Medical surveillance program,Yes,COMPLIANT,HIGH,100,Assumed compliant baseline; provide objective evidence per question.,
240,APPENDIX E: MATERIALS RECOVERY,APPENDIX E,MATERIALS RECOVERY,Are battery removal areas properly controlled?,Containment measures verification,Yes,COMPLIANT,HIGH,100,Assumed compliant baseline; provide objective evidence per question.,
241,APPENDIX E: MATERIALS RECOVERY,APPENDIX E,MATERIALS RECOVERY,Are FMs removed before shredding?,Pre-shredding inspection records,Yes,COMPLIANT,HIGH,100,Assumed compliant baseline; provide objective evidence per question.,
242,APPENDIX E: MATERIALS RECOVERY,APPENDIX E,MATERIALS RECOVERY,Is mercury recovery demonstrated?,Mercury recovery data,Yes,COMPLIANT,HIGH,100,Assumed compliant baseline; provide objective evidence per question.,
243,APPENDIX E: MATERIALS RECOVERY,APPENDIX E,MATERIALS RECOVERY,Are CRTs/batteries/boards exceptions documented?,Exception justification records,Yes,COMPLIANT,HIGH,100,Assumed compliant baseline; provide objective evidence per question.,
244,APPENDIX E: MATERIALS RECOVERY,APPENDIX E,MATERIALS RECOVERY,Is pollution liability insurance maintained?,Insurance policy verification,Yes,COMPLIANT,HIGH,100,Assumed compliant baseline; provide objective evidence per question.,
245,APPENDIX E: MATERIALS RECOVERY,APPENDIX E,MATERIALS RECOVERY,Are output streams re-categorized?,Output categorization procedures,Yes,COMPLIANT,HIGH,100,Assumed compliant baseline; provide objective evidence per question.,
246,APPENDIX F: BROKERING,APPENDIX F,BROKERING,Are all brokering activities declared in scope?,Scope documentation of brokering,Yes,COMPLIANT,HIGH,100,Assumed compliant baseline; provide objective evidence per question.,
247,APPENDIX F: BROKERING,APPENDIX F,BROKERING,Are brokered materials DSVs properly qualified?,DSV qualification for brokered streams,Yes,COMPLIANT,HIGH,100,Assumed compliant baseline; provide objective evidence per question.,
248,APPENDIX F: BROKERING,APPENDIX F,BROKERING,Is QMS certification maintained for brokering?,Valid QMS certificate,Yes,COMPLIANT,HIGH,100,Assumed compliant baseline; provide objective evidence per question.,
249,APPENDIX F: BROKERING,APPENDIX F,BROKERING,Are legal requirements identified for brokered materials?,Legal compliance for transactions,Yes,COMPLIANT,HIGH,100,Assumed compliant baseline; provide objective evidence per question.,
250,APPENDIX F: BROKERING,APPENDIX F,BROKERING,Are brokered materials tracked using REC categories?,REC application to brokered items,Yes,COMPLIANT,HIGH,100,Assumed compliant baseline; provide objective evidence per question.,
251,APPENDIX F: BROKERING,APPENDIX F,BROKERING,Is data security maintained during brokered transport?,Security procedures for shipments,Yes,COMPLIANT,HIGH,100,Assumed compliant baseline; provide objective evidence per question.,
252,APPENDIX F: BROKERING,APPENDIX F,BROKERING,Are throughput records maintained for brokered materials?,Transaction documentation,Yes,COMPLIANT,HIGH,100,Assumed compliant baseline; provide objective evidence per question.,
253,APPENDIX F: BROKERING,APPENDIX F,BROKERING,Are packaging requirements provided to sellers?,Packaging instruction records,Yes,COMPLIANT,HIGH,100,Assumed compliant baseline; provide objective evidence per question.,
254,APPENDIX F: BROKERING,APPENDIX F,BROKERING,"If no facility exists, are Core 3 and 9 exemptions documented?",Exemption justification,Yes,COMPLIANT,HIGH,100,Assumed compliant baseline; provide objective evidence per question.,
255,APPENDIX F: BROKERING,APPENDIX F,BROKERING,Are broker-only operations properly identified on certificate?,"""Broker Only"" certificate designation",Yes,COMPLIANT,HIGH,100,Assumed compliant baseline; provide objective evidence per question.,
256,APPENDIX F: BROKERING,APPENDIX F,BROKERING,Are brokered international shipments verified as legal?,Import/export documentation,Yes,COMPLIANT,HIGH,100,Assumed compliant baseline; provide objective evidence per question.,
257,APPENDIX F: BROKERING,APPENDIX F,BROKERING,Is Core 10 audited for all brokering operations?,Transport requirement compliance,Yes,COMPLIANT,HIGH,100,Assumed compliant baseline; provide objective evidence per question.,
258,APPENDIX F: BROKERING,APPENDIX F,BROKERING,Are direct shipments from supplier to DSV tracked?,Direct shipment documentation,Yes,COMPLIANT,HIGH,100,Assumed compliant baseline; provide objective evidence per question.,
259,APPENDIX F: BROKERING,APPENDIX F,BROKERING,Are brokered FM materials properly managed?,FM management for brokered items,Yes,COMPLIANT,HIGH,100,Assumed compliant baseline; provide objective evidence per question.,
260,APPENDIX F: BROKERING,APPENDIX F,BROKERING,Are customer requirements communicated to DSVs?,Requirement flow-down records,Yes,COMPLIANT,HIGH,100,Assumed compliant baseline; provide objective evidence per question.,
261,APPENDIX G: PHOTOVOLTAIC (PV) MODULES,APPENDIX G,PHOTOVOLTAIC (PV) MODULES,Are PV modules managed as R2 Controlled Streams?,PV module categorization records,Yes,COMPLIANT,HIGH,100,Assumed compliant baseline; provide objective evidence per question.,
262,APPENDIX G: PHOTOVOLTAIC (PV) MODULES,APPENDIX G,PHOTOVOLTAIC (PV) MODULES,Are electrical safety hazards assessed?,Electrical hazard assessment,Yes,COMPLIANT,HIGH,100,Assumed compliant baseline; provide objective evidence per question.,
263,APPENDIX G: PHOTOVOLTAIC (PV) MODULES,APPENDIX G,PHOTOVOLTAIC (PV) MODULES,Are PV modules included in FM Management Plan?,FM Plan with PV modules,Yes,COMPLIANT,HIGH,100,Assumed compliant baseline; provide objective evidence per question.,
264,APPENDIX G: PHOTOVOLTAIC (PV) MODULES,APPENDIX G,PHOTOVOLTAIC (PV) MODULES,Is there a process to prevent electrical conduction?,Written safety procedures,Yes,COMPLIANT,HIGH,100,Assumed compliant baseline; provide objective evidence per question.,
265,APPENDIX G: PHOTOVOLTAIC (PV) MODULES,APPENDIX G,PHOTOVOLTAIC (PV) MODULES,Are damaged PV modules stored indoors?,Indoor storage verification,Yes,COMPLIANT,HIGH,100,Assumed compliant baseline; provide objective evidence per question.,
266,APPENDIX G: PHOTOVOLTAIC (PV) MODULES,APPENDIX G,PHOTOVOLTAIC (PV) MODULES,Are PV modules evaluated for reuse capability?,Evaluation procedures,Yes,COMPLIANT,HIGH,100,Assumed compliant baseline; provide objective evidence per question.,
267,APPENDIX G: PHOTOVOLTAIC (PV) MODULES,APPENDIX G,PHOTOVOLTAIC (PV) MODULES,Is power output testing performed?,Wattage test results,Yes,COMPLIANT,HIGH,100,Assumed compliant baseline; provide objective evidence per question.,
268,APPENDIX G: PHOTOVOLTAIC (PV) MODULES,APPENDIX G,PHOTOVOLTAIC (PV) MODULES,Is output ratio to original capacity disclosed?,Performance disclosure records,Yes,COMPLIANT,HIGH,100,Assumed compliant baseline; provide objective evidence per question.,
269,APPENDIX G: PHOTOVOLTAIC (PV) MODULES,APPENDIX G,PHOTOVOLTAIC (PV) MODULES,Are repairs to PV modules documented?,Repair documentation,Yes,COMPLIANT,HIGH,100,Assumed compliant baseline; provide objective evidence per question.,
270,APPENDIX G: PHOTOVOLTAIC (PV) MODULES,APPENDIX G,PHOTOVOLTAIC (PV) MODULES,Are DSVs qualified for PV module processing?,DSV PV capability verification,Yes,COMPLIANT,HIGH,100,Assumed compliant baseline; provide objective evidence per question.,
271,APPENDIX G: PHOTOVOLTAIC (PV) MODULES,APPENDIX G,PHOTOVOLTAIC (PV) MODULES,Are materials recovery DSVs compliant with requirements?,Appendix E compliance for PV,Yes,COMPLIANT,HIGH,100,Assumed compliant baseline; provide objective evidence per question.,
272,APPENDIX G: PHOTOVOLTAIC (PV) MODULES,APPENDIX G,PHOTOVOLTAIC (PV) MODULES,Is QMS scope appropriate for PV operations?,QMS certificate including PV/solar,Yes,COMPLIANT,HIGH,100,Assumed compliant baseline; provide objective evidence per question.,
273,APPENDIX G: PHOTOVOLTAIC (PV) MODULES,APPENDIX G,PHOTOVOLTAIC (PV) MODULES,Is EHSMS scope appropriate for PV handling?,EHSMS certificate including PV/solar,Yes,COMPLIANT,HIGH,100,Assumed compliant baseline; provide objective evidence per question.,
274,APPENDIX G: PHOTOVOLTAIC (PV) MODULES,APPENDIX G,PHOTOVOLTAIC (PV) MODULES,Are solar cells properly managed as FMs?,Solar cell FM procedures,Yes,COMPLIANT,HIGH,100,Assumed compliant baseline; provide objective evidence per question.,
275,APPENDIX G: PHOTOVOLTAIC (PV) MODULES,APPENDIX G,PHOTOVOLTAIC (PV) MODULES,Are brokered PV modules properly tracked?,PV brokering documentation,Yes,COMPLIANT,HIGH,100,Assumed compliant baseline; provide objective evidence per question.,
276,AUDIT PROCESS AND DOCUMENTATION,AUDIT PROCESS AND DOCUMENTATION,,Has the facility completed readiness review requirements?,Readiness checklist completion,Yes,COMPLIANT,HIGH,100,Assumed compliant baseline; provide objective evidence per question.,
277,AUDIT PROCESS AND DOCUMENTATION,AUDIT PROCESS AND DOCUMENTATION,,Are all required management system certificates valid?,Current certificates from IAF MLA signatory,Yes,COMPLIANT,HIGH,100,Assumed compliant baseline; provide objective evidence per question.,
278,AUDIT PROCESS AND DOCUMENTATION,AUDIT PROCESS AND DOCUMENTATION,,Has the facility been audited within required timeframes?,Audit schedule compliance,Yes,COMPLIANT,HIGH,100,Assumed compliant baseline; provide objective evidence per question.,
279,AUDIT PROCESS AND DOCUMENTATION,AUDIT PROCESS AND DOCUMENTATION,,Are all nonconformities properly closed?,NC closure evidence,Yes,COMPLIANT,HIGH,100,Assumed compliant baseline; provide objective evidence per question.,
280,AUDIT PROCESS AND DOCUMENTATION,AUDIT PROCESS AND DOCUMENTATION,,Are audit packages complete with required attachments?,Table 8 document checklist,Yes,COMPLIANT,HIGH,100,Assumed compliant baseline; provide objective evidence per question.,
281,AUDIT PROCESS AND DOCUMENTATION,AUDIT PROCESS AND DOCUMENTATION,,Is the FM Management Plan current and complete?,Updated FM plan with flowchart,Yes,COMPLIANT,HIGH,100,Assumed compliant baseline; provide objective evidence per question.,
282,AUDIT PROCESS AND DOCUMENTATION,AUDIT PROCESS AND DOCUMENTATION,,Are transaction sheets accurately completed?,Transaction documentation,Yes,COMPLIANT,HIGH,100,Assumed compliant baseline; provide objective evidence per question.,
283,AUDIT PROCESS AND DOCUMENTATION,AUDIT PROCESS AND DOCUMENTATION,,Are campus locations all properly audited?,Multi-location audit evidence,Yes,COMPLIANT,HIGH,100,Assumed compliant baseline; provide objective evidence per question.,
284,AUDIT PROCESS AND DOCUMENTATION,AUDIT PROCESS AND DOCUMENTATION,,Is the correct certification structure identified?,Table 3 structure verification,Yes,COMPLIANT,HIGH,100,Assumed compliant baseline; provide objective evidence per question.,
285,AUDIT PROCESS AND DOCUMENTATION,AUDIT PROCESS AND DOCUMENTATION,,Are consultant relationships properly documented?,Consultant disclosure records,Yes,COMPLIANT,HIGH,100,Assumed compliant baseline; provide objective evidence per question.,
286,AUDIT PROCESS AND DOCUMENTATION,AUDIT PROCESS AND DOCUMENTATION,,Have all legal entities been verified?,Business registration documents,Yes,COMPLIANT,HIGH,100,Assumed compliant baseline; provide objective evidence per question.,
287,AUDIT PROCESS AND DOCUMENTATION,AUDIT PROCESS AND DOCUMENTATION,,Are DBAs and trade names properly listed?,Name registration verification,Yes,COMPLIANT,HIGH,100,Assumed compliant baseline; provide objective evidence per question.,
288,AUDIT PROCESS AND DOCUMENTATION,AUDIT PROCESS AND DOCUMENTATION,,Is the audit time calculation appropriate?,Tables 4 and 5 compliance,Yes,COMPLIANT,HIGH,100,Assumed compliant baseline; provide objective evidence per question.,
289,AUDIT PROCESS AND DOCUMENTATION,AUDIT PROCESS AND DOCUMENTATION,,Are remote audit requirements met if applicable?,Remote audit qualification,Yes,COMPLIANT,HIGH,100,Assumed compliant baseline; provide objective evidence per question.,
290,AUDIT PROCESS AND DOCUMENTATION,AUDIT PROCESS AND DOCUMENTATION,,Are witness inspection findings addressed?,SERI inspection responses,Yes,COMPLIANT,HIGH,100,Assumed compliant baseline; provide objective evidence per question.,
291,RISK MANAGEMENT AND COMPLIANCE,RISK MANAGEMENT AND COMPLIANCE,,Are financial assurances adequate for risks?,Risk-based financial calculations,Yes,COMPLIANT,HIGH,100,Assumed compliant baseline; provide objective evidence per question.,
292,RISK MANAGEMENT AND COMPLIANCE,RISK MANAGEMENT AND COMPLIANCE,,Is the closure plan comprehensive?,Complete closure procedures,Yes,COMPLIANT,HIGH,100,Assumed compliant baseline; provide objective evidence per question.,
293,RISK MANAGEMENT AND COMPLIANCE,RISK MANAGEMENT AND COMPLIANCE,,Are emergency response procedures documented?,Emergency response plan,Yes,COMPLIANT,HIGH,100,Assumed compliant baseline; provide objective evidence per question.,
294,RISK MANAGEMENT AND COMPLIANCE,RISK MANAGEMENT AND COMPLIANCE,,Are incident investigations conducted?,Incident investigation records,Yes,COMPLIANT,HIGH,100,Assumed compliant baseline; provide objective evidence per question.,
295,RISK MANAGEMENT AND COMPLIANCE,RISK MANAGEMENT AND COMPLIANCE,,Are regulatory inspections properly managed?,Inspection response procedures,Yes,COMPLIANT,HIGH,100,Assumed compliant baseline; provide objective evidence per question.,
296,RISK MANAGEMENT AND COMPLIANCE,RISK MANAGEMENT AND COMPLIANCE,,Is management review conducted regularly?,Management review minutes,Yes,COMPLIANT,HIGH,100,Assumed compliant baseline; provide objective evidence per question.,
297,RISK MANAGEMENT AND COMPLIANCE,RISK MANAGEMENT AND COMPLIANCE,,Are performance metrics tracked?,KPI tracking records,Yes,COMPLIANT,HIGH,100,Assumed compliant baseline; provide objective evidence per question.,
298,RISK MANAGEMENT AND COMPLIANCE,RISK MANAGEMENT AND COMPLIANCE,,Are customer complaints properly addressed?,Complaint resolution records,Yes,COMPLIANT,HIGH,100,Assumed compliant baseline; provide objective evidence per question.,
299,RISK MANAGEMENT AND COMPLIANCE,RISK MANAGEMENT AND COMPLIANCE,,Is continuous improvement demonstrated?,Improvement project documentation,Yes,COMPLIANT,HIGH,100,Assumed compliant baseline; provide objective evidence per question.,
300,RISK MANAGEMENT AND COMPLIANCE,RISK MANAGEMENT AND COMPLIANCE,,Are internal communications effective?,Communication records,Yes,COMPLIANT,HIGH,100,Assumed compliant baseline; provide objective evidence per question.,
301,WORKER SAFETY AND TRAINING,WORKER SAFETY AND TRAINING,,Are all workers properly trained before work?,Pre-work training records,Yes,COMPLIANT,HIGH,100,Assumed compliant baseline; provide objective evidence per question.,
302,WORKER SAFETY AND TRAINING,WORKER SAFETY AND TRAINING,,Is competency verified for assigned tasks?,Competency assessments,Yes,COMPLIANT,HIGH,100,Assumed compliant baseline; provide objective evidence per question.,
303,WORKER SAFETY AND TRAINING,WORKER SAFETY AND TRAINING,,Are safety meetings conducted regularly?,Safety meeting minutes,Yes,COMPLIANT,HIGH,100,Assumed compliant baseline; provide objective evidence per question.,
304,WORKER SAFETY AND TRAINING,WORKER SAFETY AND TRAINING,,Is PPE appropriate for hazards?,PPE assessment records,Yes,COMPLIANT,HIGH,100,Assumed compliant baseline; provide objective evidence per question.,
305,WORKER SAFETY AND TRAINING,WORKER SAFETY AND TRAINING,,Are exposure monitoring results communicated?,Employee notification records,Yes,COMPLIANT,HIGH,100,Assumed compliant baseline; provide objective evidence per question.,
306,WORKER SAFETY AND TRAINING,WORKER SAFETY AND TRAINING,,Are work restrictions followed for exposures?,Medical restriction compliance,Yes,COMPLIANT,HIGH,100,Assumed compliant baseline; provide objective evidence per question.,
307,WORKER SAFETY AND TRAINING,WORKER SAFETY AND TRAINING,,Is first aid available and adequate?,First aid station verification,Yes,COMPLIANT,HIGH,100,Assumed compliant baseline; provide objective evidence per question.,
308,WORKER SAFETY AND TRAINING,WORKER SAFETY AND TRAINING,,Are emergency evacuations practiced?,Evacuation drill records,Yes,COMPLIANT,HIGH,100,Assumed compliant baseline; provide objective evidence per question.,
309,WORKER SAFETY AND TRAINING,WORKER SAFETY AND TRAINING,,Are visitors properly controlled?,Visitor management procedures,Yes,COMPLIANT,HIGH,100,Assumed compliant baseline; provide objective evidence per question.,
310,WORKER SAFETY AND TRAINING,WORKER SAFETY AND TRAINING,,Are contractor safety requirements enforced?,Contractor safety programs,Yes,COMPLIANT,HIGH,100,Assumed compliant baseline; provide objective evidence per question.,
311,QUALITY CONTROL AND VERIFICATION,QUALITY CONTROL AND VERIFICATION,,Are receiving inspections performed?,Incoming inspection records,Yes,COMPLIANT,HIGH,100,Assumed compliant baseline; provide objective evidence per question.,
312,QUALITY CONTROL AND VERIFICATION,QUALITY CONTROL AND VERIFICATION,,Are process controls maintained?,Process control documentation,Yes,COMPLIANT,HIGH,100,Assumed compliant baseline; provide objective evidence per question.,
313,QUALITY CONTROL AND VERIFICATION,QUALITY CONTROL AND VERIFICATION,,Are non-conforming materials segregated?,Segregation procedures,Yes,COMPLIANT,HIGH,100,Assumed compliant baseline; provide objective evidence per question.,
314,QUALITY CONTROL AND VERIFICATION,QUALITY CONTROL AND VERIFICATION,,Are corrective actions effective?,CAR effectiveness verification,Yes,COMPLIANT,HIGH,100,Assumed compliant baseline; provide objective evidence per question.,
315,QUALITY CONTROL AND VERIFICATION,QUALITY CONTROL AND VERIFICATION,,Are preventive actions implemented?,Preventive action records,Yes,COMPLIANT,HIGH,100,Assumed compliant baseline; provide objective evidence per question.,
316,QUALITY CONTROL AND VERIFICATION,QUALITY CONTROL AND VERIFICATION,,Is equipment calibrated as required?,Calibration certificates,Yes,COMPLIANT,HIGH,100,Assumed compliant baseline; provide objective evidence per question.,
317,QUALITY CONTROL AND VERIFICATION,QUALITY CONTROL AND VERIFICATION,,Are work instructions current?,Controlled document system,Yes,COMPLIANT,HIGH,100,Assumed compliant baseline; provide objective evidence per question.,
318,QUALITY CONTROL AND VERIFICATION,QUALITY CONTROL AND VERIFICATION,,Are process changes properly managed?,Change control procedures,Yes,COMPLIANT,HIGH,100,Assumed compliant baseline; provide objective evidence per question.,
319,QUALITY CONTROL AND VERIFICATION,QUALITY CONTROL AND VERIFICATION,,Are supplier evaluations conducted?,Supplier assessment records,Yes,COMPLIANT,HIGH,100,Assumed compliant baseline; provide objective evidence per question.,
320,QUALITY CONTROL AND VERIFICATION,QUALITY CONTROL AND VERIFICATION,,Are customer requirements verified?,Requirement verification records,Yes,COMPLIANT,HIGH,100,Assumed compliant baseline; provide objective evidence per question.,
321,ENVIRONMENTAL COMPLIANCE,ENVIRONMENTAL COMPLIANCE,,Are air emissions properly controlled?,Emission control verification,Yes,COMPLIANT,HIGH,100,Assumed compliant baseline; provide objective evidence per question.,
322,ENVIRONMENTAL COMPLIANCE,ENVIRONMENTAL COMPLIANCE,,Are wastewater discharges compliant?,Discharge monitoring records,Yes,COMPLIANT,HIGH,100,Assumed compliant baseline; provide objective evidence per question.,
323,ENVIRONMENTAL COMPLIANCE,ENVIRONMENTAL COMPLIANCE,,Are hazardous wastes properly managed?,Waste manifests and records,Yes,COMPLIANT,HIGH,100,Assumed compliant baseline; provide objective evidence per question.,
324,ENVIRONMENTAL COMPLIANCE,ENVIRONMENTAL COMPLIANCE,,Are spill controls adequate?,Spill prevention procedures,Yes,COMPLIANT,HIGH,100,Assumed compliant baseline; provide objective evidence per question.,
325,ENVIRONMENTAL COMPLIANCE,ENVIRONMENTAL COMPLIANCE,,Are storm water controls effective?,Storm water management plan,Yes,COMPLIANT,HIGH,100,Assumed compliant baseline; provide objective evidence per question.,
326,ENVIRONMENTAL COMPLIANCE,ENVIRONMENTAL COMPLIANCE,,Is waste minimization practiced?,Waste reduction initiatives,Yes,COMPLIANT,HIGH,100,Assumed compliant baseline; provide objective evidence per question.,
327,ENVIRONMENTAL COMPLIANCE,ENVIRONMENTAL COMPLIANCE,,Are recycling targets met?,Recycling performance data,Yes,COMPLIANT,HIGH,100,Assumed compliant baseline; provide objective evidence per question.,
328,ENVIRONMENTAL COMPLIANCE,ENVIRONMENTAL COMPLIANCE,,Are environmental objectives established?,Objective tracking records,Yes,COMPLIANT,HIGH,100,Assumed compliant baseline; provide objective evidence per question.,
329,ENVIRONMENTAL COMPLIANCE,ENVIRONMENTAL COMPLIANCE,,Are chemical inventories maintained?,Chemical inventory lists,Yes,COMPLIANT,HIGH,100,Assumed compliant baseline; provide objective evidence per question.,
330,ENVIRONMENTAL COMPLIANCE,ENVIRONMENTAL COMPLIANCE,,Are SDSs readily available?,SDS accessibility verification,Yes,COMPLIANT,HIGH,100,Assumed compliant baseline; provide objective evidence per question.,
331,BUSINESS CONTINUITY,BUSINESS CONTINUITY,,Is business continuity planning performed?,Continuity plan documentation,Yes,COMPLIANT,HIGH,100,Assumed compliant baseline; provide objective evidence per question.,
332,BUSINESS CONTINUITY,BUSINESS CONTINUITY,,Are critical suppliers identified?,Supplier risk assessment,Yes,COMPLIANT,HIGH,100,Assumed compliant baseline; provide objective evidence per question.,
333,BUSINESS CONTINUITY,BUSINESS CONTINUITY,,Are backup systems maintained?,Backup system testing,Yes,COMPLIANT,HIGH,100,Assumed compliant baseline; provide objective evidence per question.,
334,BUSINESS CONTINUITY,BUSINESS CONTINUITY,,Is data backup performed regularly?,Data backup records,Yes,COMPLIANT,HIGH,100,Assumed compliant baseline; provide objective evidence per question.,
335,BUSINESS CONTINUITY,BUSINESS CONTINUITY,,Are alternative processing options identified?,Contingency arrangements,Yes,COMPLIANT,HIGH,100,Assumed compliant baseline; provide objective evidence per question.,
336,BUSINESS CONTINUITY,BUSINESS CONTINUITY,,Is insurance coverage reviewed annually?,Insurance review records,Yes,COMPLIANT,HIGH,100,Assumed compliant baseline; provide objective evidence per question.,
337,BUSINESS CONTINUITY,BUSINESS CONTINUITY,,Are financial controls adequate?,Financial audit results,Yes,COMPLIANT,HIGH,100,Assumed compliant baseline; provide objective evidence per question.,
338,BUSINESS CONTINUITY,BUSINESS CONTINUITY,,Are contracts properly managed?,Contract management system,Yes,COMPLIANT,HIGH,100,Assumed compliant baseline; provide objective evidence per question.,
339,BUSINESS CONTINUITY,BUSINESS CONTINUITY,,Are intellectual property rights protected?,IP protection measures,Yes,COMPLIANT,HIGH,100,Assumed compliant baseline; provide objective evidence per question.,
340,BUSINESS CONTINUITY,BUSINESS CONTINUITY,,Are confidentiality agreements enforced?,NDA management records,Yes,COMPLIANT,HIGH,100,Assumed compliant baseline; provide objective evidence per question.,
341,STAKEHOLDER ENGAGEMENT,STAKEHOLDER ENGAGEMENT,,Are customer requirements documented?,Customer requirement records,Yes,COMPLIANT,HIGH,100,Assumed compliant baseline; provide objective evidence per question.,
342,STAKEHOLDER ENGAGEMENT,STAKEHOLDER ENGAGEMENT,,Is customer satisfaction measured?,Satisfaction survey results,Yes,COMPLIANT,HIGH,100,Assumed compliant baseline; provide objective evidence per question.,
343,STAKEHOLDER ENGAGEMENT,STAKEHOLDER ENGAGEMENT,,Are supplier relationships managed?,Supplier management program,Yes,COMPLIANT,HIGH,100,Assumed compliant baseline; provide objective evidence per question.,
344,STAKEHOLDER ENGAGEMENT,STAKEHOLDER ENGAGEMENT,,Is community engagement performed?,Community interaction records,Yes,COMPLIANT,HIGH,100,Assumed compliant baseline; provide objective evidence per question.,
345,STAKEHOLDER ENGAGEMENT,STAKEHOLDER ENGAGEMENT,,Are regulatory relationships maintained?,Regulatory correspondence,Yes,COMPLIANT,HIGH,100,Assumed compliant baseline; provide objective evidence per question.,
346,STAKEHOLDER ENGAGEMENT,STAKEHOLDER ENGAGEMENT,,Are industry associations engaged?,Association participation,Yes,COMPLIANT,HIGH,100,Assumed compliant baseline; provide objective evidence per question.,
347,STAKEHOLDER ENGAGEMENT,STAKEHOLDER ENGAGEMENT,,Is transparency maintained as required?,Public disclosure records,Yes,COMPLIANT,HIGH,100,Assumed compliant baseline; provide objective evidence per question.,
348,STAKEHOLDER ENGAGEMENT,STAKEHOLDER ENGAGEMENT,,Are stakeholder concerns addressed?,Concern response records,Yes,COMPLIANT,HIGH,100,Assumed compliant baseline; provide objective evidence per question.,
349,STAKEHOLDER ENGAGEMENT,STAKEHOLDER ENGAGEMENT,,Is marketing accurate and compliant?,Marketing material review,Yes,COMPLIANT,HIGH,100,Assumed compliant baseline; provide objective evidence per question.,
350,STAKEHOLDER ENGAGEMENT,STAKEHOLDER ENGAGEMENT,,Are certifications properly displayed?,Certificate display verification,Yes,COMPLIANT,HIGH,100,Assumed compliant baseline; provide objective evidence per question.,
351,SPECIAL CONSIDERATIONS,SPECIAL CONSIDERATIONS,,Are Basel Convention requirements met?,Basel compliance documentation,Yes,COMPLIANT,HIGH,100,Assumed compliant baseline; provide objective evidence per question.,
352,SPECIAL CONSIDERATIONS,SPECIAL CONSIDERATIONS,,Are e-Stewards requirements considered?,Dual certification management,Yes,COMPLIANT,HIGH,100,Assumed compliant baseline; provide objective evidence per question.,
353,SPECIAL CONSIDERATIONS,SPECIAL CONSIDERATIONS,,Are OEM requirements fulfilled?,OEM agreement compliance,Yes,COMPLIANT,HIGH,100,Assumed compliant baseline; provide objective evidence per question.,
354,SPECIAL CONSIDERATIONS,SPECIAL CONSIDERATIONS,,Are government contracts properly managed?,Government compliance records,Yes,COMPLIANT,HIGH,100,Assumed compliant baseline; provide objective evidence per question.,
355,SPECIAL CONSIDERATIONS,SPECIAL CONSIDERATIONS,,Are data destruction certificates provided?,Certificate issuance records,Yes,COMPLIANT,HIGH,100,Assumed compliant baseline; provide objective evidence per question.,
356,SPECIAL CONSIDERATIONS,SPECIAL CONSIDERATIONS,,Are asset recovery services documented?,Asset tracking documentation,Yes,COMPLIANT,HIGH,100,Assumed compliant baseline; provide objective evidence per question.,
357,SPECIAL CONSIDERATIONS,SPECIAL CONSIDERATIONS,,Are ITAD services properly managed?,ITAD service records,Yes,COMPLIANT,HIGH,100,Assumed compliant baseline; provide objective evidence per question.,
358,SPECIAL CONSIDERATIONS,SPECIAL CONSIDERATIONS,,Are refurbishment standards maintained?,Refurbishment specifications,Yes,COMPLIANT,HIGH,100,Assumed compliant baseline; provide objective evidence per question.,
359,SPECIAL CONSIDERATIONS,SPECIAL CONSIDERATIONS,,Are warranty provisions adequate?,Warranty program documentation,Yes,COMPLIANT,HIGH,100,Assumed compliant baseline; provide objective evidence per question.,
360,SPECIAL CONSIDERATIONS,SPECIAL CONSIDERATIONS,,Are reverse logistics managed?,Return logistics procedures,Yes,COMPLIANT,HIGH,100,Assumed compliant baseline; provide objective evidence per question.,
361,CERTIFICATION MAINTENANCE,CERTIFICATION MAINTENANCE,,Are surveillance audits scheduled properly?,12-month maximum intervals,Yes,COMPLIANT,HIGH,100,Assumed compliant baseline; provide objective evidence per question.,
362,CERTIFICATION MAINTENANCE,CERTIFICATION MAINTENANCE,,Are certificate changes reported timely?,7-day notification records,Yes,COMPLIANT,HIGH,100,Assumed compliant baseline; provide objective evidence per question.,
363,CERTIFICATION MAINTENANCE,CERTIFICATION MAINTENANCE,,Are scope changes properly evaluated?,Scope change assessments,Yes,COMPLIANT,HIGH,100,Assumed compliant baseline; provide objective evidence per question.,
364,CERTIFICATION MAINTENANCE,CERTIFICATION MAINTENANCE,,Are facility moves properly managed?,Location change procedures,Yes,COMPLIANT,HIGH,100,Assumed compliant baseline; provide objective evidence per question.,
365,CERTIFICATION MAINTENANCE,CERTIFICATION MAINTENANCE,,Are name changes properly documented?,Name change verification,Yes,COMPLIANT,HIGH,100,Assumed compliant baseline; provide objective evidence per question.,
366,CERTIFICATION MAINTENANCE,CERTIFICATION MAINTENANCE,,Are structure changes properly assessed?,Structure change evaluation,Yes,COMPLIANT,HIGH,100,Assumed compliant baseline; provide objective evidence per question.,
367,CERTIFICATION MAINTENANCE,CERTIFICATION MAINTENANCE,,Is SERI licensing current?,License acknowledgment,Yes,COMPLIANT,HIGH,100,Assumed compliant baseline; provide objective evidence per question.,
368,CERTIFICATION MAINTENANCE,CERTIFICATION MAINTENANCE,,Are CB communications timely?,Communication records,Yes,COMPLIANT,HIGH,100,Assumed compliant baseline; provide objective evidence per question.,
369,CERTIFICATION MAINTENANCE,CERTIFICATION MAINTENANCE,,Are nonconformity deadlines met?,Table 6 compliance,Yes,COMPLIANT,HIGH,100,Assumed compliant baseline; provide objective evidence per question.,
370,CERTIFICATION MAINTENANCE,CERTIFICATION MAINTENANCE,,Are major NCs properly managed?,Major NC resolution,Yes,COMPLIANT,HIGH,100,Assumed compliant baseline; provide objective evidence per question.,
371,FINAL VERIFICATION,FINAL VERIFICATION,,Can the facility demonstrate overall R2 compliance?,Comprehensive compliance evidence,Yes,COMPLIANT,HIGH,100,Assumed compliant baseline; provide objective evidence per question.,
372,FINAL VERIFICATION,FINAL VERIFICATION,,Are all applicable appendices properly implemented?,Appendix implementation verification,Yes,COMPLIANT,HIGH,100,Assumed compliant baseline; provide objective evidence per question.,
373,FINAL VERIFICATION,FINAL VERIFICATION,,Is the management system effectively integrated?,System integration evidence,Yes,COMPLIANT,HIGH,100,Assumed compliant baseline; provide objective evidence per question.,
374,FINAL VERIFICATION,FINAL VERIFICATION,,Are resources adequate for compliance?,Resource adequacy assessment,Yes,COMPLIANT,HIGH,100,Assumed compliant baseline; provide objective evidence per question.,
375,FINAL VERIFICATION,FINAL VERIFICATION,,Is top management committed to R2?,Management commitment evidence,Yes,COMPLIANT,HIGH,100,Assumed compliant baseline; provide objective evidence per question.,
376,FINAL VERIFICATION,FINAL VERIFICATION,,Are roles and responsibilities clearly defined?,Organizational chart and descriptions,Yes,COMPLIANT,HIGH,100,Assumed compliant baseline; provide objective evidence per question.,
377,FINAL VERIFICATION,FINAL VERIFICATION,,Is documentation control effective?,Document control system,Yes,COMPLIANT,HIGH,100,Assumed compliant baseline; provide objective evidence per question.,
378,FINAL VERIFICATION,FINAL VERIFICATION,,Are records properly maintained?,Records management system,Yes,COMPLIANT,HIGH,100,Assumed compliant baseline; provide objective evidence per question.,
379,FINAL VERIFICATION,FINAL VERIFICATION,,Is the facility prepared for unannounced inspections?,Inspection readiness,Yes,COMPLIANT,HIGH,100,Assumed compliant baseline; provide objective evidence per question.,
380,FINAL VERIFICATION,FINAL VERIFICATION,,Are all R2 requirements demonstrably met?,Complete conformance portfolio,Yes,COMPLIANT,HIGH,100,Assumed compliant baseline; provide objective evidence per question.,
381,REMOTE AUDIT SPECIFIC (WHERE APPLICABLE),REMOTE AUDIT SPECIFIC (WHERE APPLICABLE),,Are remote audit prerequisites met?,Phase 1 qualification checklist,Yes,COMPLIANT,HIGH,100,Assumed compliant baseline; provide objective evidence per question.,
382,REMOTE AUDIT SPECIFIC (WHERE APPLICABLE),REMOTE AUDIT SPECIFIC (WHERE APPLICABLE),,Is documentation uploaded timely?,10-day advance upload,Yes,COMPLIANT,HIGH,100,Assumed compliant baseline; provide objective evidence per question.,
383,REMOTE AUDIT SPECIFIC (WHERE APPLICABLE),REMOTE AUDIT SPECIFIC (WHERE APPLICABLE),,Are video capabilities adequate?,Video tour capability,Yes,COMPLIANT,HIGH,100,Assumed compliant baseline; provide objective evidence per question.,
384,REMOTE AUDIT SPECIFIC (WHERE APPLICABLE),REMOTE AUDIT SPECIFIC (WHERE APPLICABLE),,Is file sharing secure and functional?,Secure platform access,Yes,COMPLIANT,HIGH,100,Assumed compliant baseline; provide objective evidence per question.,
385,REMOTE AUDIT SPECIFIC (WHERE APPLICABLE),REMOTE AUDIT SPECIFIC (WHERE APPLICABLE),,Are all areas accessible virtually?,Complete facility coverage,Yes,COMPLIANT,HIGH,100,Assumed compliant baseline; provide objective evidence per question.,
386,REMOTE AUDIT SPECIFIC (WHERE APPLICABLE),REMOTE AUDIT SPECIFIC (WHERE APPLICABLE),,Are workers available for interviews?,Interview scheduling,Yes,COMPLIANT,HIGH,100,Assumed compliant baseline; provide objective evidence per question.,
387,REMOTE AUDIT SPECIFIC (WHERE APPLICABLE),REMOTE AUDIT SPECIFIC (WHERE APPLICABLE),,Can operations be observed live?,Active operations verification,Yes,COMPLIANT,HIGH,100,Assumed compliant baseline; provide objective evidence per question.,
388,REMOTE AUDIT SPECIFIC (WHERE APPLICABLE),REMOTE AUDIT SPECIFIC (WHERE APPLICABLE),,Are connectivity issues resolved?,Stable connection verification,Yes,COMPLIANT,HIGH,100,Assumed compliant baseline; provide objective evidence per question.,
389,REMOTE AUDIT SPECIFIC (WHERE APPLICABLE),REMOTE AUDIT SPECIFIC (WHERE APPLICABLE),,Is documentation in auditor's language?,Translation if needed,Yes,COMPLIANT,HIGH,100,Assumed compliant baseline; provide objective evidence per question.,
390,REMOTE AUDIT SPECIFIC (WHERE APPLICABLE),REMOTE AUDIT SPECIFIC (WHERE APPLICABLE),,Are follow-up requirements understood?,Phase 5 completion,Yes,COMPLIANT,HIGH,100,Assumed compliant baseline; provide objective evidence per question.,
391,CONTINUOUS IMPROVEMENT,CONTINUOUS IMPROVEMENT,,Are lessons learned captured?,Improvement tracking system,Yes,COMPLIANT,HIGH,100,Assumed compliant baseline; provide objective evidence per question.,
392,CONTINUOUS IMPROVEMENT,CONTINUOUS IMPROVEMENT,,Are best practices shared?,Knowledge sharing records,Yes,COMPLIANT,HIGH,100,Assumed compliant baseline; provide objective evidence per question.,
393,CONTINUOUS IMPROVEMENT,CONTINUOUS IMPROVEMENT,,Are efficiency improvements tracked?,Efficiency metrics,Yes,COMPLIANT,HIGH,100,Assumed compliant baseline; provide objective evidence per question.,
394,CONTINUOUS IMPROVEMENT,CONTINUOUS IMPROVEMENT,,Are cost reductions documented?,Cost benefit analysis,Yes,COMPLIANT,HIGH,100,Assumed compliant baseline; provide objective evidence per question.,
395,CONTINUOUS IMPROVEMENT,CONTINUOUS IMPROVEMENT,,Are innovation initiatives supported?,Innovation program evidence,Yes,COMPLIANT,HIGH,100,Assumed compliant baseline; provide objective evidence per question.,
396,CONTINUOUS IMPROVEMENT,CONTINUOUS IMPROVEMENT,,Are employee suggestions implemented?,Suggestion program records,Yes,COMPLIANT,HIGH,100,Assumed compliant baseline; provide objective evidence per question.,
397,CONTINUOUS IMPROVEMENT,CONTINUOUS IMPROVEMENT,,Are benchmarking activities performed?,Benchmark comparisons,Yes,COMPLIANT,HIGH,100,Assumed compliant baseline; provide objective evidence per question.,
398,CONTINUOUS IMPROVEMENT,CONTINUOUS IMPROVEMENT,,Are industry trends monitored?,Trend analysis records,Yes,COMPLIANT,HIGH,100,Assumed compliant baseline; provide objective evidence per question.,
399,CONTINUOUS IMPROVEMENT,CONTINUOUS IMPROVEMENT,,Are technology upgrades evaluated?,Technology assessment,Yes,COMPLIANT,HIGH,100,Assumed compliant baseline; provide objective evidence per question.,
400,CONTINUOUS IMPROVEMENT,CONTINUOUS IMPROVEMENT,,Is overall performance improving?,Performance trend data,Yes,COMPLIANT,HIGH,100,Assumed compliant baseline; provide objective evidence per question.,
