question_id,requirement_code,requirement_name,requirement_type,question_text,evidence_required,tags
Q-001,CR1,SCOPE,Core,Does the facility have a current R2 certificate that accurately reflects all processes and activities?,"Valid R2 certificate showing all applicable processes, legal entities, and locations",CR1|SCOPE
Q-002,CR1,SCOPE,Core,"Are all electronic equipment types, components, and materials managed by the facility documented in the scope?",Written scope statement matching certificate and operations,CR1|SCOPE
Q-003,CR1,SCOPE,Core,Have all legal entities and names associated with certifiable activities been identified?,"Business licenses, DBAs, trade names documentation",CR1|SCOPE
Q-004,CR1,SCOPE,Core,Are there any uncertified locations managing e-waste that should be disclosed?,Current public listing of non-certified locations if applicable,CR1|SCOPE
Q-005,CR1,SCOPE,Core,Has the facility been on SERI's deceptive practices list in the past 24 months?,Verification against SERI's published list,CR1|SCOPE
Q-006,CR1,SCOPE,Core,Do all certifiable activities at the physical address fall within the R2 scope?,Site map showing all operations areas,CR1|SCOPE
Q-007,CR1,SCOPE,Core,Are external processes and activities under the facility's control included in certification?,Documentation of off-site controlled activities,CR1|SCOPE
Q-008,CR1,SCOPE,Core,Has the facility properly identified all applicable R2 Process Requirements?,List matching actual operations to Appendices A-G,CR1|SCOPE
Q-009,CR1,SCOPE,Core,Are all authorized allowances properly documented on the certificate?,Certificate showing approved allowances per COP,CR1|SCOPE
Q-010,CR1,SCOPE,Core,Does the facility maintain documentation linking all sales websites to certified operations?,URLs and website documentation matching certificate names,CR1|SCOPE
Q-011,CR2,HIERARCHY OF RESPONSIBLE MANAGEMENT,Core,Does the facility have a written hierarchy policy prioritizing reuse over recycling?,Written policy document dated and approved,CR2|HIERARCHY_OF_RESPONSIBLE_MANAGEMENT
Q-012,CR2,HIERARCHY OF RESPONSIBLE MANAGEMENT,Core,How does the facility evaluate equipment for reuse potential?,Documented evaluation criteria and procedures,CR2|HIERARCHY_OF_RESPONSIBLE_MANAGEMENT
Q-013,CR2,HIERARCHY OF RESPONSIBLE MANAGEMENT,Core,Are items directed to reuse when technically capable?,Transaction records showing reuse prioritization,CR2|HIERARCHY_OF_RESPONSIBLE_MANAGEMENT
Q-014,CR2,HIERARCHY OF RESPONSIBLE MANAGEMENT,Core,How are non-reusable items directed to materials recovery?,Process flow documentation and routing records,CR2|HIERARCHY_OF_RESPONSIBLE_MANAGEMENT
Q-015,CR2,HIERARCHY OF RESPONSIBLE MANAGEMENT,Core,Are focus materials ever sent to energy recovery or landfill?,Records showing no disposal unless legally required,CR2|HIERARCHY_OF_RESPONSIBLE_MANAGEMENT
Q-016,CR2,HIERARCHY OF RESPONSIBLE MANAGEMENT,Core,How does the facility verify downstream vendors follow the hierarchy?,DSV audit records showing hierarchy compliance,CR2|HIERARCHY_OF_RESPONSIBLE_MANAGEMENT
Q-017,CR2,HIERARCHY OF RESPONSIBLE MANAGEMENT,Core,Are recalled or counterfeit items properly excluded from reuse?,Procedures for identifying and routing prohibited items,CR2|HIERARCHY_OF_RESPONSIBLE_MANAGEMENT
Q-018,CR2,HIERARCHY OF RESPONSIBLE MANAGEMENT,Core,Is disposal only used when no recycling options exist?,Documentation of technical/economic infeasibility,CR2|HIERARCHY_OF_RESPONSIBLE_MANAGEMENT
Q-019,CR2,HIERARCHY OF RESPONSIBLE MANAGEMENT,Core,How are extreme circumstances for FM disposal documented?,"Written justification if applicable, legal requirements",CR2|HIERARCHY_OF_RESPONSIBLE_MANAGEMENT
Q-020,CR2,HIERARCHY OF RESPONSIBLE MANAGEMENT,Core,Does the hierarchy policy cover both on-site and off-site activities?,Policy explicitly addressing all controlled operations,CR2|HIERARCHY_OF_RESPONSIBLE_MANAGEMENT
Q-021,CR3,EH&S MANAGEMENT SYSTEM,Core,Does the facility maintain current EHSMS certification from an accredited CB?,Valid ISO 14001/45001 or equivalent certificate,CR3|EH&S_MANAGEMENT_SYSTEM
Q-022,CR3,EH&S MANAGEMENT SYSTEM,Core,Are all R2 requirements integrated into the EHSMS?,EHSMS documentation showing R2 integration,CR3|EH&S_MANAGEMENT_SYSTEM
Q-023,CR3,EH&S MANAGEMENT SYSTEM,Core,Are documents and records maintained for at least three years?,Records retention policy and archived documents,CR3|EH&S_MANAGEMENT_SYSTEM
Q-024,CR3,EH&S MANAGEMENT SYSTEM,Core,Has a full internal R2 audit been conducted within the past year?,Internal audit report covering all requirements,CR3|EH&S_MANAGEMENT_SYSTEM
Q-025,CR3,EH&S MANAGEMENT SYSTEM,Core,Does the facility demonstrate technical capability for all accepted materials?,"Training records, equipment specifications",CR3|EH&S_MANAGEMENT_SYSTEM
Q-026,CR3,EH&S MANAGEMENT SYSTEM,Core,Have environmental impacts been identified and analyzed?,Environmental aspects register with controls,CR3|EH&S_MANAGEMENT_SYSTEM
Q-027,CR3,EH&S MANAGEMENT SYSTEM,Core,Has health and safety risk assessment been completed?,Risk assessment documentation with controls,CR3|EH&S_MANAGEMENT_SYSTEM
Q-028,CR3,EH&S MANAGEMENT SYSTEM,Core,Is there a process for evaluating hazardous substance exposure?,IH monitoring program and results,CR3|EH&S_MANAGEMENT_SYSTEM
Q-029,CR3,EH&S MANAGEMENT SYSTEM,Core,Are incoming materials inspected for damage or hazards?,Receiving inspection procedures and records,CR3|EH&S_MANAGEMENT_SYSTEM
Q-030,CR3,EH&S MANAGEMENT SYSTEM,Core,Are housekeeping standards maintained throughout the facility?,Housekeeping schedule and inspection records,CR3|EH&S_MANAGEMENT_SYSTEM
Q-031,CR3,EH&S MANAGEMENT SYSTEM,Core,Are sanitary facilities provided for workers?,Physical verification of adequate facilities,CR3|EH&S_MANAGEMENT_SYSTEM
Q-032,CR3,EH&S MANAGEMENT SYSTEM,Core,Is food/beverage consumption restricted in contaminated areas?,Posted policies and designated clean areas,CR3|EH&S_MANAGEMENT_SYSTEM
Q-033,CR3,EH&S MANAGEMENT SYSTEM,Core,Do temporary workers receive the same protections as employees?,Training and PPE records for all workers,CR3|EH&S_MANAGEMENT_SYSTEM
Q-034,CR3,EH&S MANAGEMENT SYSTEM,Core,Is there a designated EH&S coordinator?,Named individual with defined responsibilities,CR3|EH&S_MANAGEMENT_SYSTEM
Q-035,CR3,EH&S MANAGEMENT SYSTEM,Core,"Are mercury, lead, and other toxics specifically evaluated?",Hazard assessment for listed substances,CR3|EH&S_MANAGEMENT_SYSTEM
Q-036,CR4,LEGAL AND OTHER REQUIREMENTS,Core,Does the facility have a comprehensive legal compliance plan?,Written plan identifying all applicable laws,CR4|LEGAL_AND_OTHER_REQUIREMENTS
Q-037,CR4,LEGAL AND OTHER REQUIREMENTS,Core,Are all environmental permits current and available?,Permit files with no expirations,CR4|LEGAL_AND_OTHER_REQUIREMENTS
Q-038,CR4,LEGAL AND OTHER REQUIREMENTS,Core,How are import/export laws identified and documented?,Legal requirements for all countries involved,CR4|LEGAL_AND_OTHER_REQUIREMENTS
Q-039,CR4,LEGAL AND OTHER REQUIREMENTS,Core,Has a compliance audit been conducted by a competent auditor?,Audit report with auditor qualifications,CR4|LEGAL_AND_OTHER_REQUIREMENTS
Q-040,CR4,LEGAL AND OTHER REQUIREMENTS,Core,Are regulatory violations reported to the CB within 30 days?,Notification records if applicable,CR4|LEGAL_AND_OTHER_REQUIREMENTS
Q-041,CR4,LEGAL AND OTHER REQUIREMENTS,Core,Is child labor prohibited and verified?,Age verification procedures and records,CR4|LEGAL_AND_OTHER_REQUIREMENTS
Q-042,CR4,LEGAL AND OTHER REQUIREMENTS,Core,"If prison labor is used, is it voluntary and compensated?",Prison labor agreements if applicable,CR4|LEGAL_AND_OTHER_REQUIREMENTS
Q-043,CR4,LEGAL AND OTHER REQUIREMENTS,Core,Does the facility maintain a non-discrimination policy?,Written policy with complaint procedures,CR4|LEGAL_AND_OTHER_REQUIREMENTS
Q-044,CR4,LEGAL AND OTHER REQUIREMENTS,Core,Are transboundary shipments verified as legal?,Export/import documentation for international shipments,CR4|LEGAL_AND_OTHER_REQUIREMENTS
Q-045,CR4,LEGAL AND OTHER REQUIREMENTS,Core,How are data security legal requirements addressed?,Data protection compliance documentation,CR4|LEGAL_AND_OTHER_REQUIREMENTS
Q-046,CR4,LEGAL AND OTHER REQUIREMENTS,Core,Are corrective actions implemented for non-compliance?,CAR records for any violations,CR4|LEGAL_AND_OTHER_REQUIREMENTS
Q-047,CR4,LEGAL AND OTHER REQUIREMENTS,Core,Is the legal compliance plan updated with regulation changes?,Review and update records,CR4|LEGAL_AND_OTHER_REQUIREMENTS
Q-048,CR4,LEGAL AND OTHER REQUIREMENTS,Core,Are downstream vendor shipments verified for legality?,DSV international shipment documentation,CR4|LEGAL_AND_OTHER_REQUIREMENTS
Q-049,CR4,LEGAL AND OTHER REQUIREMENTS,Core,Does the facility track Basel Convention requirements?,Basel waste determination procedures,CR4|LEGAL_AND_OTHER_REQUIREMENTS
Q-050,CR4,LEGAL AND OTHER REQUIREMENTS,Core,Are workers paid in compliance with wage laws?,Payroll records showing legal compliance,CR4|LEGAL_AND_OTHER_REQUIREMENTS
Q-051,CR5,TRACKING THROUGHPUT,Core,Are bills of lading maintained for all inbound materials?,Complete BOL files with signatures,CR5|TRACKING_THROUGHPUT
Q-052,CR5,TRACKING THROUGHPUT,Core,Do inbound records include accurate dates and descriptions?,Detailed receiving documentation,CR5|TRACKING_THROUGHPUT
Q-053,CR5,TRACKING THROUGHPUT,Core,Is a summary report of all transactions maintained?,12-month transaction summary report,CR5|TRACKING_THROUGHPUT
Q-054,CR5,TRACKING THROUGHPUT,Core,How are R2 Controlled Streams tracked through processing?,Inventory tracking system records,CR5|TRACKING_THROUGHPUT
Q-055,CR5,TRACKING THROUGHPUT,Core,Are inventory levels below defined limits?,Current inventory vs. permitted limits,CR5|TRACKING_THROUGHPUT
Q-056,CR5,TRACKING THROUGHPUT,Core,Are materials stored less than one year?,Date tracking showing <1 year storage,CR5|TRACKING_THROUGHPUT
Q-057,CR5,TRACKING THROUGHPUT,Core,Are tested components properly inventoried if stored longer?,Component inventory per Appendix C,CR5|TRACKING_THROUGHPUT
Q-058,CR5,TRACKING THROUGHPUT,Core,Do outbound records match the tracking requirements?,Shipping records with required details,CR5|TRACKING_THROUGHPUT
Q-059,CR5,TRACKING THROUGHPUT,Core,Are international shipments properly documented?,Bill of lading and container numbers,CR5|TRACKING_THROUGHPUT
Q-060,CR5,TRACKING THROUGHPUT,Core,Is throughput consistent with processing capabilities?,Input/output reconciliation records,CR5|TRACKING_THROUGHPUT
Q-061,CR5,TRACKING THROUGHPUT,Core,How are negative value materials tracked?,Separate tracking for materials with costs,CR5|TRACKING_THROUGHPUT
Q-062,CR5,TRACKING THROUGHPUT,Core,Are in-process inventories accurately maintained?,WIP inventory records,CR5|TRACKING_THROUGHPUT
Q-063,CR5,TRACKING THROUGHPUT,Core,Do outputs correlate with inputs and processes?,Mass balance documentation,CR5|TRACKING_THROUGHPUT
Q-064,CR5,TRACKING THROUGHPUT,Core,Are contractual processing timeframes met?,Processing time records vs. agreements,CR5|TRACKING_THROUGHPUT
Q-065,CR5,TRACKING THROUGHPUT,Core,How are brokered materials tracked if not physically received?,Broker transaction documentation,CR5|TRACKING_THROUGHPUT
Q-066,CR6,"SORTING, CATEGORIZATION, AND PROCESSING",Core,Is there a documented sorting and categorization process?,Written procedures matching REC categories,"CR6|SORTING,_CATEGORIZATION,_AND_PROCESSING"
Q-067,CR6,"SORTING, CATEGORIZATION, AND PROCESSING",Core,Are REC categories or equivalent used for all materials?,Category correlation documentation,"CR6|SORTING,_CATEGORIZATION,_AND_PROCESSING"
Q-068,CR6,"SORTING, CATEGORIZATION, AND PROCESSING",Core,How are data storage devices identified during sorting?,Data device identification procedures,"CR6|SORTING,_CATEGORIZATION,_AND_PROCESSING"
Q-069,CR6,"SORTING, CATEGORIZATION, AND PROCESSING",Core,Are reuse capability criteria clearly defined?,Written evaluation criteria,"CR6|SORTING,_CATEGORIZATION,_AND_PROCESSING"
Q-070,CR6,"SORTING, CATEGORIZATION, AND PROCESSING",Core,Is equipment re-evaluated when processing changes categories?,Re-categorization procedures,"CR6|SORTING,_CATEGORIZATION,_AND_PROCESSING"
Q-071,CR6,"SORTING, CATEGORIZATION, AND PROCESSING",Core,How are R2 Controlled Streams distinguished from Unrestricted?,Clear identification methods,"CR6|SORTING,_CATEGORIZATION,_AND_PROCESSING"
Q-072,CR6,"SORTING, CATEGORIZATION, AND PROCESSING",Core,Are materials from other R2 facilities properly recognized?,Verification procedures for R2 materials,"CR6|SORTING,_CATEGORIZATION,_AND_PROCESSING"
Q-073,CR6,"SORTING, CATEGORIZATION, AND PROCESSING",Core,Is sampling used to verify non-R2 facility categorization?,Documented sampling process,"CR6|SORTING,_CATEGORIZATION,_AND_PROCESSING"
Q-074,CR6,"SORTING, CATEGORIZATION, AND PROCESSING",Core,Are data-containing devices secured until sanitized?,Security controls and access logs,"CR6|SORTING,_CATEGORIZATION,_AND_PROCESSING"
Q-075,CR6,"SORTING, CATEGORIZATION, AND PROCESSING",Core,Are commercial agreements restricting reuse followed?,Contract compliance procedures,"CR6|SORTING,_CATEGORIZATION,_AND_PROCESSING"
Q-076,CR6,"SORTING, CATEGORIZATION, AND PROCESSING",Core,Is reusable equipment assigned unique identifiers?,Serialization or batch tracking system,"CR6|SORTING,_CATEGORIZATION,_AND_PROCESSING"
Q-077,CR6,"SORTING, CATEGORIZATION, AND PROCESSING",Core,Are functioning products properly categorized before sale?,REC category assignment records,"CR6|SORTING,_CATEGORIZATION,_AND_PROCESSING"
Q-078,CR6,"SORTING, CATEGORIZATION, AND PROCESSING",Core,Is cosmetic condition disclosed to buyers?,Condition grading documentation,"CR6|SORTING,_CATEGORIZATION,_AND_PROCESSING"
Q-079,CR6,"SORTING, CATEGORIZATION, AND PROCESSING",Core,Are collectible electronics properly managed?,Procedures for vintage/rare items,"CR6|SORTING,_CATEGORIZATION,_AND_PROCESSING"
Q-080,CR6,"SORTING, CATEGORIZATION, AND PROCESSING",Core,How are prohibited items excluded from reuse?,Screening for recalled/counterfeit products,"CR6|SORTING,_CATEGORIZATION,_AND_PROCESSING"
Q-081,CR7,DATA SECURITY,Core,Does the facility have a comprehensive Data Sanitization Plan?,Written plan with all required elements,CR7|DATA_SECURITY
Q-082,CR7,DATA SECURITY,Core,Are secured areas for data sanitization defined?,Physical security documentation,CR7|DATA_SECURITY
Q-083,CR7,DATA SECURITY,Core,Are all data storage device types identified?,List of accepted device types,CR7|DATA_SECURITY
Q-084,CR7,DATA SECURITY,Core,Is general information distinguished from protected data?,Data classification procedures,CR7|DATA_SECURITY
Q-085,CR7,DATA SECURITY,Core,How are network service connections addressed?,Account removal procedures,CR7|DATA_SECURITY
Q-086,CR7,DATA SECURITY,Core,Are data breach regulations identified?,Privacy law compliance documentation,CR7|DATA_SECURITY
Q-087,CR7,DATA SECURITY,Core,Are sanitization methods defined for each device type?,Method specifications by device,CR7|DATA_SECURITY
Q-088,CR7,DATA SECURITY,Core,Is there a Data Protection Representative designated?,Named individual with authority,CR7|DATA_SECURITY
Q-089,CR7,DATA SECURITY,Core,Are workers trained on data security policies?,Training records and competency verification,CR7|DATA_SECURITY
Q-090,CR7,DATA SECURITY,Core,Are security authorizations properly managed?,Authorization levels and access controls,CR7|DATA_SECURITY
Q-091,CR7,DATA SECURITY,Core,Is unauthorized access to data areas prevented?,Access logs and security measures,CR7|DATA_SECURITY
Q-092,CR7,DATA SECURITY,Core,Are data breach response procedures documented?,Incident response plan,CR7|DATA_SECURITY
Q-093,CR7,DATA SECURITY,Core,Do suppliers receive confirmation of receipt?,Receipt acknowledgment records,CR7|DATA_SECURITY
Q-094,CR7,DATA SECURITY,Core,Are sanitization methods disclosed to suppliers?,Method disclosure documentation,CR7|DATA_SECURITY
Q-095,CR7,DATA SECURITY,Core,Are downstream data vendors properly qualified?,DSV data security audit records,CR7|DATA_SECURITY
Q-096,CR7,DATA SECURITY,Core,Are internal data audits conducted annually?,Independent audit reports,CR7|DATA_SECURITY
Q-097,CR7,DATA SECURITY,Core,Are confidentiality agreements required?,Signed agreements for data handlers,CR7|DATA_SECURITY
Q-098,CR7,DATA SECURITY,Core,How is physical destruction verified as complete?,100% destruction verification process,CR7|DATA_SECURITY
Q-099,CR7,DATA SECURITY,Core,Are security breaches reported to affected parties?,Breach notification procedures,CR7|DATA_SECURITY
Q-100,CR7,DATA SECURITY,Core,Is equipment theft tracked and reported?,Theft reporting procedures,CR7|DATA_SECURITY
Q-101,CR8,FOCUS MATERIALS,Core,Does the facility have a current FM Management Plan?,Written plan updated regularly,CR8|FOCUS_MATERIALS
Q-102,CR8,FOCUS MATERIALS,Core,Are all FM types identified in the plan?,Complete FM listing,CR8|FOCUS_MATERIALS
Q-103,CR8,FOCUS MATERIALS,Core,Is demonstrated expertise documented for each FM?,Capability documentation by FM type,CR8|FOCUS_MATERIALS
Q-104,CR8,FOCUS MATERIALS,Core,Are processing methods defined for each FM?,Method specifications,CR8|FOCUS_MATERIALS
Q-105,CR8,FOCUS MATERIALS,Core,Is the downstream recycling chain flowcharted?,Visual flowchart to final disposition,CR8|FOCUS_MATERIALS
Q-106,CR8,FOCUS MATERIALS,Core,Are international FM movements identified?,Transboundary movement documentation,CR8|FOCUS_MATERIALS
Q-107,CR8,FOCUS MATERIALS,Core,Are print cartridges managed appropriately?,OEM or remanufacturer routing,CR8|FOCUS_MATERIALS
Q-108,CR8,FOCUS MATERIALS,Core,How are PCB-containing items managed?,PCB identification and handling procedures,CR8|FOCUS_MATERIALS
Q-109,CR8,FOCUS MATERIALS,Core,Are mercury-containing devices properly handled?,Mercury management procedures,CR8|FOCUS_MATERIALS
Q-110,CR8,FOCUS MATERIALS,Core,Is CRT glass processed according to requirements?,CRT processing documentation,CR8|FOCUS_MATERIALS
Q-111,CR8,FOCUS MATERIALS,Core,Are all battery types properly managed?,Battery sorting and routing procedures,CR8|FOCUS_MATERIALS
Q-112,CR8,FOCUS MATERIALS,Core,Are circuit boards tracked to metal recovery?,Circuit board downstream documentation,CR8|FOCUS_MATERIALS
Q-113,CR8,FOCUS MATERIALS,Core,How are solar cells from PV modules managed?,Solar cell recovery procedures,CR8|FOCUS_MATERIALS
Q-114,CR8,FOCUS MATERIALS,Core,Are de minimis FM amounts properly determined?,De minimis determination procedures,CR8|FOCUS_MATERIALS
Q-115,CR8,FOCUS MATERIALS,Core,Is FM tracking maintained to final disposition?,Complete chain documentation,CR8|FOCUS_MATERIALS
Q-116,CR9,FACILITY REQUIREMENTS,Core,Are all processing operations conducted indoors?,Indoor processing or outdoor risk assessment,CR9|FACILITY_REQUIREMENTS
Q-117,CR9,FACILITY REQUIREMENTS,Core,Are R2 Controlled Streams stored properly?,Weather protection and security measures,CR9|FACILITY_REQUIREMENTS
Q-118,CR9,FACILITY REQUIREMENTS,Core,Is reuse equipment stored in enclosed environments?,Protected storage verification,CR9|FACILITY_REQUIREMENTS
Q-119,CR9,FACILITY REQUIREMENTS,Core,Are storage areas clearly labeled?,Container and area labeling,CR9|FACILITY_REQUIREMENTS
Q-120,CR9,FACILITY REQUIREMENTS,Core,Does the facility have appropriate insurance coverage?,Current insurance certificates,CR9|FACILITY_REQUIREMENTS
Q-121,CR9,FACILITY REQUIREMENTS,Core,Is workers' compensation insurance maintained?,Workers' comp policy documentation,CR9|FACILITY_REQUIREMENTS
Q-122,CR9,FACILITY REQUIREMENTS,Core,Does the facility have a written closure plan?,Current closure plan document,CR9|FACILITY_REQUIREMENTS
Q-123,CR9,FACILITY REQUIREMENTS,Core,Are closure costs properly estimated?,Cost calculations including remediation,CR9|FACILITY_REQUIREMENTS
Q-124,CR9,FACILITY REQUIREMENTS,Core,Is financial assurance established for closure?,"Bond, insurance, or other instrument",CR9|FACILITY_REQUIREMENTS
Q-125,CR9,FACILITY REQUIREMENTS,Core,Are financial instrument exemptions properly justified?,Documentation meeting all three criteria,CR9|FACILITY_REQUIREMENTS
Q-126,CR9,FACILITY REQUIREMENTS,Core,Is pollution liability insurance maintained?,Pollution policy if required,CR9|FACILITY_REQUIREMENTS
Q-127,CR9,FACILITY REQUIREMENTS,Core,Are storage areas secure from unauthorized access?,Security measures documentation,CR9|FACILITY_REQUIREMENTS
Q-128,CR9,FACILITY REQUIREMENTS,Core,Is the facility properly zoned for operations?,Commercial/industrial zoning verification,CR9|FACILITY_REQUIREMENTS
Q-129,CR9,FACILITY REQUIREMENTS,Core,Are risks evaluated for changes in operations?,Risk reassessment records,CR9|FACILITY_REQUIREMENTS
Q-130,CR9,FACILITY REQUIREMENTS,Core,Are reserves appropriate for operational risks?,Reserve adequacy documentation,CR9|FACILITY_REQUIREMENTS
Q-131,CR10,TRANSPORT,Core,Are materials packed to prevent damage during transport?,Packaging procedures and standards,CR10|TRANSPORT
Q-132,CR10,TRANSPORT,Core,Are data-containing devices secured during transport?,Security measures for shipments,CR10|TRANSPORT
Q-133,CR10,TRANSPORT,Core,Are packages concealed from public view?,Concealment methods documentation,CR10|TRANSPORT
Q-134,CR10,TRANSPORT,Core,Are shipping documents accurately coded?,Proper waste codes and descriptions,CR10|TRANSPORT
Q-135,CR10,TRANSPORT,Core,Are transporters properly qualified?,Transporter permits and qualifications,CR10|TRANSPORT
Q-136,CR10,TRANSPORT,Core,Is chain of custody maintained during transport?,Tracking and custody documentation,CR10|TRANSPORT
Q-137,CR10,TRANSPORT,Core,Are hazmat requirements followed?,DOT/IATA compliance documentation,CR10|TRANSPORT
Q-138,CR10,TRANSPORT,Core,Are export declarations accurate?,Customs documentation review,CR10|TRANSPORT
Q-139,CR10,TRANSPORT,Core,Are transport contracts enforced?,Contract compliance monitoring,CR10|TRANSPORT
Q-140,CR10,TRANSPORT,Core,Is packaging appropriate for intended use?,Use-based packaging standards,CR10|TRANSPORT
Q-141,APP-A,DOWNSTREAM RECYCLING CHAIN,Appendix,Are all downstream vendors identified and qualified?,Complete DSV listing with qualifications,APP-A|DOWNSTREAM_RECYCLING_CHAIN
Q-142,APP-A,DOWNSTREAM RECYCLING CHAIN,Appendix,Is 100% due diligence performed on active DSVs?,Due diligence records for all vendors,APP-A|DOWNSTREAM_RECYCLING_CHAIN
Q-143,APP-A,DOWNSTREAM RECYCLING CHAIN,Appendix,Are R2 certifications verified as current?,R2 certificate verification records,APP-A|DOWNSTREAM_RECYCLING_CHAIN
Q-144,APP-A,DOWNSTREAM RECYCLING CHAIN,Appendix,Are non-R2 vendors audited annually?,Annual audit reports,APP-A|DOWNSTREAM_RECYCLING_CHAIN
Q-145,APP-A,DOWNSTREAM RECYCLING CHAIN,Appendix,Is the recycling chain tracked to final disposition?,Complete chain documentation,APP-A|DOWNSTREAM_RECYCLING_CHAIN
Q-146,APP-A,DOWNSTREAM RECYCLING CHAIN,Appendix,Are DSV changes registered with SERI if using A(4)(b)?,SERI registration confirmation,APP-A|DOWNSTREAM_RECYCLING_CHAIN
Q-147,APP-A,DOWNSTREAM RECYCLING CHAIN,Appendix,Are transboundary movements verified as legal?,Import/export compliance documentation,APP-A|DOWNSTREAM_RECYCLING_CHAIN
Q-148,APP-A,DOWNSTREAM RECYCLING CHAIN,Appendix,Is waste status determined for international shipments?,Waste determination procedures,APP-A|DOWNSTREAM_RECYCLING_CHAIN
Q-149,APP-A,DOWNSTREAM RECYCLING CHAIN,Appendix,Are DSV capabilities verified for FM processing?,Capability assessment documentation,APP-A|DOWNSTREAM_RECYCLING_CHAIN
Q-150,APP-A,DOWNSTREAM RECYCLING CHAIN,Appendix,Do DSVs have required management systems?,DSV EHSMS verification,APP-A|DOWNSTREAM_RECYCLING_CHAIN
Q-151,APP-A,DOWNSTREAM RECYCLING CHAIN,Appendix,Are DSV permits current and appropriate?,Permit verification records,APP-A|DOWNSTREAM_RECYCLING_CHAIN
Q-152,APP-A,DOWNSTREAM RECYCLING CHAIN,Appendix,Are data sanitization DSVs properly audited?,Independent audit by qualified auditor,APP-A|DOWNSTREAM_RECYCLING_CHAIN
Q-153,APP-A,DOWNSTREAM RECYCLING CHAIN,Appendix,Do refurbishment DSVs only sell functional equipment?,DSV sales verification,APP-A|DOWNSTREAM_RECYCLING_CHAIN
Q-154,APP-A,DOWNSTREAM RECYCLING CHAIN,Appendix,Are materials recovery DSVs compliant with Appendix E?,Appendix E compliance verification,APP-A|DOWNSTREAM_RECYCLING_CHAIN
Q-155,APP-A,DOWNSTREAM RECYCLING CHAIN,Appendix,Are brokering DSVs qualified to Appendix F?,Broker qualification records,APP-A|DOWNSTREAM_RECYCLING_CHAIN
Q-156,APP-A,DOWNSTREAM RECYCLING CHAIN,Appendix,Is DSV throughput tracking verified?,DSV tracking documentation,APP-A|DOWNSTREAM_RECYCLING_CHAIN
Q-157,APP-A,DOWNSTREAM RECYCLING CHAIN,Appendix,Are negative value materials covered by insurance?,Pollution liability verification,APP-A|DOWNSTREAM_RECYCLING_CHAIN
Q-158,APP-A,DOWNSTREAM RECYCLING CHAIN,Appendix,Are supplier notifications provided upon request?,Transparency procedures,APP-A|DOWNSTREAM_RECYCLING_CHAIN
Q-159,APP-A,DOWNSTREAM RECYCLING CHAIN,Appendix,Is receipt at DSVs verified?,Delivery confirmation records,APP-A|DOWNSTREAM_RECYCLING_CHAIN
Q-160,APP-A,DOWNSTREAM RECYCLING CHAIN,Appendix,Are DSV storage times monitored?,<1 year storage verification,APP-A|DOWNSTREAM_RECYCLING_CHAIN
Q-161,APP-B,DATA SANITIZATION,Appendix,Are logical and physical sanitization methods defined?,Method specifications for each,APP-B|DATA_SANITIZATION
Q-162,APP-B,DATA SANITIZATION,Appendix,Are quality controls documented for verification?,QC procedures and records,APP-B|DATA_SANITIZATION
Q-163,APP-B,DATA SANITIZATION,Appendix,Is device traceability maintained through sanitization?,Unique identifier tracking,APP-B|DATA_SANITIZATION
Q-164,APP-B,DATA SANITIZATION,Appendix,Are workers trained on specific sanitization methods?,Method-specific training records,APP-B|DATA_SANITIZATION
Q-165,APP-B,DATA SANITIZATION,Appendix,Are user markings removed from devices?,Label removal procedures,APP-B|DATA_SANITIZATION
Q-166,APP-B,DATA SANITIZATION,Appendix,Are physical security controls appropriate?,Locked/alarmed access points,APP-B|DATA_SANITIZATION
Q-167,APP-B,DATA SANITIZATION,Appendix,Are work areas fully enclosed and secured?,Enclosed space verification,APP-B|DATA_SANITIZATION
Q-168,APP-B,DATA SANITIZATION,Appendix,Is CCTV coverage comprehensive with 60-day retention?,Camera coverage map and recordings,APP-B|DATA_SANITIZATION
Q-169,APP-B,DATA SANITIZATION,Appendix,Is security actively monitored?,Monitoring procedures and logs,APP-B|DATA_SANITIZATION
Q-170,APP-B,DATA SANITIZATION,Appendix,Are security controls regularly tested?,Security test records,APP-B|DATA_SANITIZATION
Q-171,APP-B,DATA SANITIZATION,Appendix,Can any device be located at any time?,Real-time inventory tracking,APP-B|DATA_SANITIZATION
Q-172,APP-B,DATA SANITIZATION,Appendix,Are off-site sanitization services compliant?,Off-site compliance verification,APP-B|DATA_SANITIZATION
Q-173,APP-B,DATA SANITIZATION,Appendix,Are physical destruction methods appropriate?,Table 1 method compliance,APP-B|DATA_SANITIZATION
Q-174,APP-B,DATA SANITIZATION,Appendix,Are NSA-approved methods used where applicable?,EPL equipment verification,APP-B|DATA_SANITIZATION
Q-175,APP-B,DATA SANITIZATION,Appendix,Are degaussers rated for media types?,Degausser specifications,APP-B|DATA_SANITIZATION
Q-176,APP-B,DATA SANITIZATION,Appendix,Are more stringent customer requirements met?,Customer requirement compliance,APP-B|DATA_SANITIZATION
Q-177,APP-B,DATA SANITIZATION,Appendix,Are destruction videos retained for 60 days?,Video retention verification,APP-B|DATA_SANITIZATION
Q-178,APP-B,DATA SANITIZATION,Appendix,Are software sanitization records complete?,Electronic records by serial number,APP-B|DATA_SANITIZATION
Q-179,APP-B,DATA SANITIZATION,Appendix,Is software configured to sanitize all locations?,Software configuration verification,APP-B|DATA_SANITIZATION
Q-180,APP-B,DATA SANITIZATION,Appendix,Is software maintained with current patches?,Patch management records,APP-B|DATA_SANITIZATION
Q-181,APP-B,DATA SANITIZATION,Appendix,Are remote service connections removed?,Account disconnection procedures,APP-B|DATA_SANITIZATION
Q-182,APP-B,DATA SANITIZATION,Appendix,Is 1-5% sampling performed on logical sanitization?,Sampling records and results,APP-B|DATA_SANITIZATION
Q-183,APP-B,DATA SANITIZATION,Appendix,Are unsuccessful sanitizations physically destroyed?,Failed device destruction records,APP-B|DATA_SANITIZATION
Q-184,APP-B,DATA SANITIZATION,Appendix,Are quantities processed reconciled with received?,Quantity reconciliation records,APP-B|DATA_SANITIZATION
Q-185,APP-B,DATA SANITIZATION,Appendix,Is Data Protection Representative approval required?,Release authorization records,APP-B|DATA_SANITIZATION
Q-186,APP-C,TEST AND REPAIR,Appendix,Is QMS certification maintained for test/repair operations?,Valid QMS certificate with appropriate scope,APP-C|TEST_AND_REPAIR
Q-187,APP-C,TEST AND REPAIR,Appendix,Is an R2 Reuse Plan documented?,Complete reuse plan document,APP-C|TEST_AND_REPAIR
Q-188,APP-C,TEST AND REPAIR,Appendix,Are worker competencies defined and verified?,Competency requirements and records,APP-C|TEST_AND_REPAIR
Q-189,APP-C,TEST AND REPAIR,Appendix,Are product safety plans implemented?,Safety verification procedures,APP-C|TEST_AND_REPAIR
Q-190,APP-C,TEST AND REPAIR,Appendix,Are test plans defined for each equipment type?,Function-specific test procedures,APP-C|TEST_AND_REPAIR
Q-191,APP-C,TEST AND REPAIR,Appendix,Are pass/fail criteria clearly established?,Documented acceptance criteria,APP-C|TEST_AND_REPAIR
Q-192,APP-C,TEST AND REPAIR,Appendix,Are test results documented and stored?,Test records by serial number,APP-C|TEST_AND_REPAIR
Q-193,APP-C,TEST AND REPAIR,Appendix,Are quality assurance plans effective?,QA procedures and metrics,APP-C|TEST_AND_REPAIR
Q-194,APP-C,TEST AND REPAIR,Appendix,Is test equipment accuracy verified?,Calibration records,APP-C|TEST_AND_REPAIR
Q-195,APP-C,TEST AND REPAIR,Appendix,Are failed items prevented from unintended use?,Segregation and control procedures,APP-C|TEST_AND_REPAIR
Q-196,APP-C,TEST AND REPAIR,Appendix,Is a product return policy maintained?,Return policy documentation,APP-C|TEST_AND_REPAIR
Q-197,APP-C,TEST AND REPAIR,Appendix,Are items tested within one year of receipt?,Processing time records,APP-C|TEST_AND_REPAIR
Q-198,APP-C,TEST AND REPAIR,Appendix,Is data sanitized before testing?,Pre-test sanitization verification,APP-C|TEST_AND_REPAIR
Q-199,APP-C,TEST AND REPAIR,Appendix,Are functional categories properly assigned?,REC category assignment records,APP-C|TEST_AND_REPAIR
Q-200,APP-C,TEST AND REPAIR,Appendix,Are safety assessments performed on functional equipment?,Safety check documentation,APP-C|TEST_AND_REPAIR
Q-201,APP-C,TEST AND REPAIR,Appendix,Are test results maintained for each function?,Complete test documentation,APP-C|TEST_AND_REPAIR
Q-202,APP-C,TEST AND REPAIR,Appendix,Are non-functional items properly managed?,Repair or materials recovery routing,APP-C|TEST_AND_REPAIR
Q-203,APP-C,TEST AND REPAIR,Appendix,Are reusable components harvested?,Component recovery procedures,APP-C|TEST_AND_REPAIR
Q-204,APP-C,TEST AND REPAIR,Appendix,Is cosmetic condition accurately described?,Condition grading standards,APP-C|TEST_AND_REPAIR
Q-205,APP-C,TEST AND REPAIR,Appendix,Are recalls checked and addressed?,Recall verification procedures,APP-C|TEST_AND_REPAIR
Q-206,APP-D,SPECIALTY ELECTRONICS REUSE,Appendix,Is Appendix C certification also maintained?,Dual certification verification,APP-D|SPECIALTY_ELECTRONICS_REUSE
Q-207,APP-D,SPECIALTY ELECTRONICS REUSE,Appendix,Are technicians competent for specialty electronics?,Specialized training records,APP-D|SPECIALTY_ELECTRONICS_REUSE
Q-208,APP-D,SPECIALTY ELECTRONICS REUSE,Appendix,Is testable specialty equipment actually tested?,Test records where capable,APP-D|SPECIALTY_ELECTRONICS_REUSE
Q-209,APP-D,SPECIALTY ELECTRONICS REUSE,Appendix,Is prior functionality verified for untestable items?,Source verification documentation,APP-D|SPECIALTY_ELECTRONICS_REUSE
Q-210,APP-D,SPECIALTY ELECTRONICS REUSE,Appendix,Are items inspected for physical damage?,Visual inspection records,APP-D|SPECIALTY_ELECTRONICS_REUSE
Q-211,APP-D,SPECIALTY ELECTRONICS REUSE,Appendix,Are part numbers verified as accurate?,Part number verification procedures,APP-D|SPECIALTY_ELECTRONICS_REUSE
Q-212,APP-D,SPECIALTY ELECTRONICS REUSE,Appendix,Is data sanitization verified from source?,Source sanitization confirmation,APP-D|SPECIALTY_ELECTRONICS_REUSE
Q-213,APP-D,SPECIALTY ELECTRONICS REUSE,Appendix,Are failed verifications properly managed?,Component harvesting procedures,APP-D|SPECIALTY_ELECTRONICS_REUSE
Q-214,APP-D,SPECIALTY ELECTRONICS REUSE,Appendix,Are verified items tracked individually?,Unique identifier assignment,APP-D|SPECIALTY_ELECTRONICS_REUSE
Q-215,APP-D,SPECIALTY ELECTRONICS REUSE,Appendix,Is specialty equipment protected during storage?,Protective packaging standards,APP-D|SPECIALTY_ELECTRONICS_REUSE
Q-216,APP-D,SPECIALTY ELECTRONICS REUSE,Appendix,Are items labeled with facility information?,Label application records,APP-D|SPECIALTY_ELECTRONICS_REUSE
Q-217,APP-D,SPECIALTY ELECTRONICS REUSE,Appendix,Are items identified as Verified Specialty Electronics?,REC category assignment,APP-D|SPECIALTY_ELECTRONICS_REUSE
Q-218,APP-D,SPECIALTY ELECTRONICS REUSE,Appendix,Do stored items maintain positive value?,Value assessment records,APP-D|SPECIALTY_ELECTRONICS_REUSE
Q-219,APP-D,SPECIALTY ELECTRONICS REUSE,Appendix,Are sales limited to specific part requests?,Sales order verification,APP-D|SPECIALTY_ELECTRONICS_REUSE
Q-220,APP-D,SPECIALTY ELECTRONICS REUSE,Appendix,Do customers accept untested status?,Customer acknowledgment records,APP-D|SPECIALTY_ELECTRONICS_REUSE
Q-221,APP-D,SPECIALTY ELECTRONICS REUSE,Appendix,Are returns accepted at no charge?,No-charge return policy,APP-D|SPECIALTY_ELECTRONICS_REUSE
Q-222,APP-D,SPECIALTY ELECTRONICS REUSE,Appendix,Is end-user sales verification available?,Sales tracking to end users,APP-D|SPECIALTY_ELECTRONICS_REUSE
Q-223,APP-D,SPECIALTY ELECTRONICS REUSE,Appendix,Are recycling returns offered free?,Free recycling return program,APP-D|SPECIALTY_ELECTRONICS_REUSE
Q-224,APP-D,SPECIALTY ELECTRONICS REUSE,Appendix,Are serial numbers tracked on sales documents?,Serial number documentation,APP-D|SPECIALTY_ELECTRONICS_REUSE
Q-225,APP-D,SPECIALTY ELECTRONICS REUSE,Appendix,Are storage conditions appropriate for electronics?,Environmental control verification,APP-D|SPECIALTY_ELECTRONICS_REUSE
Q-226,APP-E,MATERIALS RECOVERY,Appendix,Has a hazards assessment been conducted?,Written hazards identification,APP-E|MATERIALS_RECOVERY
Q-227,APP-E,MATERIALS RECOVERY,Appendix,Is the assessment performed by qualified individuals?,Assessor qualification records,APP-E|MATERIALS_RECOVERY
Q-228,APP-E,MATERIALS RECOVERY,Appendix,Are wash facilities available for decontamination?,Decontamination station verification,APP-E|MATERIALS_RECOVERY
Q-229,APP-E,MATERIALS RECOVERY,Appendix,Are clean eating areas separated from work areas?,Designated clean areas,APP-E|MATERIALS_RECOVERY
Q-230,APP-E,MATERIALS RECOVERY,Appendix,Are work clothes restricted from leaving facility?,Clothing control procedures,APP-E|MATERIALS_RECOVERY
Q-231,APP-E,MATERIALS RECOVERY,Appendix,Is PPE properly cleaned and maintained?,PPE care procedures,APP-E|MATERIALS_RECOVERY
Q-232,APP-E,MATERIALS RECOVERY,Appendix,Are work areas regularly cleaned?,Cleaning schedules and records,APP-E|MATERIALS_RECOVERY
Q-233,APP-E,MATERIALS RECOVERY,Appendix,Are lockout/tagout procedures implemented?,LOTO program documentation,APP-E|MATERIALS_RECOVERY
Q-234,APP-E,MATERIALS RECOVERY,Appendix,Are machine guards in place and functional?,Guard inspection records,APP-E|MATERIALS_RECOVERY
Q-235,APP-E,MATERIALS RECOVERY,Appendix,Are pre-use equipment inspections performed?,Equipment inspection logs,APP-E|MATERIALS_RECOVERY
Q-236,APP-E,MATERIALS RECOVERY,Appendix,Is industrial hygiene monitoring conducted?,Air and wipe sampling results,APP-E|MATERIALS_RECOVERY
Q-237,APP-E,MATERIALS RECOVERY,Appendix,Are mechanical processes re-evaluated annually?,Annual risk reassessment,APP-E|MATERIALS_RECOVERY
Q-238,APP-E,MATERIALS RECOVERY,Appendix,Is mercury monitored where lamps are processed?,Mercury monitoring data,APP-E|MATERIALS_RECOVERY
Q-239,APP-E,MATERIALS RECOVERY,Appendix,Is medical monitoring provided for exposures?,Medical surveillance program,APP-E|MATERIALS_RECOVERY
Q-240,APP-E,MATERIALS RECOVERY,Appendix,Are battery removal areas properly controlled?,Containment measures verification,APP-E|MATERIALS_RECOVERY
Q-241,APP-E,MATERIALS RECOVERY,Appendix,Are FMs removed before shredding?,Pre-shredding inspection records,APP-E|MATERIALS_RECOVERY
Q-242,APP-E,MATERIALS RECOVERY,Appendix,Is mercury recovery demonstrated?,Mercury recovery data,APP-E|MATERIALS_RECOVERY
Q-243,APP-E,MATERIALS RECOVERY,Appendix,Are CRTs/batteries/boards exceptions documented?,Exception justification records,APP-E|MATERIALS_RECOVERY
Q-244,APP-E,MATERIALS RECOVERY,Appendix,Is pollution liability insurance maintained?,Insurance policy verification,APP-E|MATERIALS_RECOVERY
Q-245,APP-E,MATERIALS RECOVERY,Appendix,Are output streams re-categorized?,Output categorization procedures,APP-E|MATERIALS_RECOVERY
Q-246,APP-F,BROKERING,Appendix,Are all brokering activities declared in scope?,Scope documentation of brokering,APP-F|BROKERING
Q-247,APP-F,BROKERING,Appendix,Are brokered materials DSVs properly qualified?,DSV qualification for brokered streams,APP-F|BROKERING
Q-248,APP-F,BROKERING,Appendix,Is QMS certification maintained for brokering?,Valid QMS certificate,APP-F|BROKERING
Q-249,APP-F,BROKERING,Appendix,Are legal requirements identified for brokered materials?,Legal compliance for transactions,APP-F|BROKERING
Q-250,APP-F,BROKERING,Appendix,Are brokered materials tracked using REC categories?,REC application to brokered items,APP-F|BROKERING
Q-251,APP-F,BROKERING,Appendix,Is data security maintained during brokered transport?,Security procedures for shipments,APP-F|BROKERING
Q-252,APP-F,BROKERING,Appendix,Are throughput records maintained for brokered materials?,Transaction documentation,APP-F|BROKERING
Q-253,APP-F,BROKERING,Appendix,Are packaging requirements provided to sellers?,Packaging instruction records,APP-F|BROKERING
Q-254,APP-F,BROKERING,Appendix,"If no facility exists, are Core 3 and 9 exemptions documented?",Exemption justification,APP-F|BROKERING
Q-255,APP-F,BROKERING,Appendix,Are broker-only operations properly identified on certificate?,"""Broker Only"" certificate designation",APP-F|BROKERING
Q-256,APP-F,BROKERING,Appendix,Are brokered international shipments verified as legal?,Import/export documentation,APP-F|BROKERING
Q-257,APP-F,BROKERING,Appendix,Is Core 10 audited for all brokering operations?,Transport requirement compliance,APP-F|BROKERING
Q-258,APP-F,BROKERING,Appendix,Are direct shipments from supplier to DSV tracked?,Direct shipment documentation,APP-F|BROKERING
Q-259,APP-F,BROKERING,Appendix,Are brokered FM materials properly managed?,FM management for brokered items,APP-F|BROKERING
Q-260,APP-F,BROKERING,Appendix,Are customer requirements communicated to DSVs?,Requirement flow-down records,APP-F|BROKERING
Q-261,APP-G,PHOTOVOLTAIC (PV) MODULES,Appendix,Are PV modules managed as R2 Controlled Streams?,PV module categorization records,APP-G|PHOTOVOLTAIC_(PV)_MODULES
Q-262,APP-G,PHOTOVOLTAIC (PV) MODULES,Appendix,Are electrical safety hazards assessed?,Electrical hazard assessment,APP-G|PHOTOVOLTAIC_(PV)_MODULES
Q-263,APP-G,PHOTOVOLTAIC (PV) MODULES,Appendix,Are PV modules included in FM Management Plan?,FM Plan with PV modules,APP-G|PHOTOVOLTAIC_(PV)_MODULES
Q-264,APP-G,PHOTOVOLTAIC (PV) MODULES,Appendix,Is there a process to prevent electrical conduction?,Written safety procedures,APP-G|PHOTOVOLTAIC_(PV)_MODULES
Q-265,APP-G,PHOTOVOLTAIC (PV) MODULES,Appendix,Are damaged PV modules stored indoors?,Indoor storage verification,APP-G|PHOTOVOLTAIC_(PV)_MODULES
Q-266,APP-G,PHOTOVOLTAIC (PV) MODULES,Appendix,Are PV modules evaluated for reuse capability?,Evaluation procedures,APP-G|PHOTOVOLTAIC_(PV)_MODULES
Q-267,APP-G,PHOTOVOLTAIC (PV) MODULES,Appendix,Is power output testing performed?,Wattage test results,APP-G|PHOTOVOLTAIC_(PV)_MODULES
Q-268,APP-G,PHOTOVOLTAIC (PV) MODULES,Appendix,Is output ratio to original capacity disclosed?,Performance disclosure records,APP-G|PHOTOVOLTAIC_(PV)_MODULES
Q-269,APP-G,PHOTOVOLTAIC (PV) MODULES,Appendix,Are repairs to PV modules documented?,Repair documentation,APP-G|PHOTOVOLTAIC_(PV)_MODULES
Q-270,APP-G,PHOTOVOLTAIC (PV) MODULES,Appendix,Are DSVs qualified for PV module processing?,DSV PV capability verification,APP-G|PHOTOVOLTAIC_(PV)_MODULES
Q-271,APP-G,PHOTOVOLTAIC (PV) MODULES,Appendix,Are materials recovery DSVs compliant with requirements?,Appendix E compliance for PV,APP-G|PHOTOVOLTAIC_(PV)_MODULES
Q-272,APP-G,PHOTOVOLTAIC (PV) MODULES,Appendix,Is QMS scope appropriate for PV operations?,QMS certificate including PV/solar,APP-G|PHOTOVOLTAIC_(PV)_MODULES
Q-273,APP-G,PHOTOVOLTAIC (PV) MODULES,Appendix,Is EHSMS scope appropriate for PV handling?,EHSMS certificate including PV/solar,APP-G|PHOTOVOLTAIC_(PV)_MODULES
Q-274,APP-G,PHOTOVOLTAIC (PV) MODULES,Appendix,Are solar cells properly managed as FMs?,Solar cell FM procedures,APP-G|PHOTOVOLTAIC_(PV)_MODULES
Q-275,APP-G,PHOTOVOLTAIC (PV) MODULES,Appendix,Are brokered PV modules properly tracked?,PV brokering documentation,APP-G|PHOTOVOLTAIC_(PV)_MODULES
Q-276,AUDIT PROCESS AND DOCUMENTATION,,Appendix,Has the facility completed readiness review requirements?,Readiness checklist completion,
Q-277,AUDIT PROCESS AND DOCUMENTATION,,Appendix,Are all required management system certificates valid?,Current certificates from IAF MLA signatory,
Q-278,AUDIT PROCESS AND DOCUMENTATION,,Appendix,Has the facility been audited within required timeframes?,Audit schedule compliance,
Q-279,AUDIT PROCESS AND DOCUMENTATION,,Appendix,Are all nonconformities properly closed?,NC closure evidence,
Q-280,AUDIT PROCESS AND DOCUMENTATION,,Appendix,Are audit packages complete with required attachments?,Table 8 document checklist,
Q-281,AUDIT PROCESS AND DOCUMENTATION,,Appendix,Is the FM Management Plan current and complete?,Updated FM plan with flowchart,
Q-282,AUDIT PROCESS AND DOCUMENTATION,,Appendix,Are transaction sheets accurately completed?,Transaction documentation,
Q-283,AUDIT PROCESS AND DOCUMENTATION,,Appendix,Are campus locations all properly audited?,Multi-location audit evidence,
Q-284,AUDIT PROCESS AND DOCUMENTATION,,Appendix,Is the correct certification structure identified?,Table 3 structure verification,
Q-285,AUDIT PROCESS AND DOCUMENTATION,,Appendix,Are consultant relationships properly documented?,Consultant disclosure records,
Q-286,AUDIT PROCESS AND DOCUMENTATION,,Appendix,Have all legal entities been verified?,Business registration documents,
Q-287,AUDIT PROCESS AND DOCUMENTATION,,Appendix,Are DBAs and trade names properly listed?,Name registration verification,
Q-288,AUDIT PROCESS AND DOCUMENTATION,,Appendix,Is the audit time calculation appropriate?,Tables 4 and 5 compliance,
Q-289,AUDIT PROCESS AND DOCUMENTATION,,Appendix,Are remote audit requirements met if applicable?,Remote audit qualification,
Q-290,AUDIT PROCESS AND DOCUMENTATION,,Appendix,Are witness inspection findings addressed?,SERI inspection responses,
Q-291,RISK MANAGEMENT AND COMPLIANCE,,Appendix,Are financial assurances adequate for risks?,Risk-based financial calculations,
Q-292,RISK MANAGEMENT AND COMPLIANCE,,Appendix,Is the closure plan comprehensive?,Complete closure procedures,
Q-293,RISK MANAGEMENT AND COMPLIANCE,,Appendix,Are emergency response procedures documented?,Emergency response plan,
Q-294,RISK MANAGEMENT AND COMPLIANCE,,Appendix,Are incident investigations conducted?,Incident investigation records,
Q-295,RISK MANAGEMENT AND COMPLIANCE,,Appendix,Are regulatory inspections properly managed?,Inspection response procedures,
Q-296,RISK MANAGEMENT AND COMPLIANCE,,Appendix,Is management review conducted regularly?,Management review minutes,
Q-297,RISK MANAGEMENT AND COMPLIANCE,,Appendix,Are performance metrics tracked?,KPI tracking records,
Q-298,RISK MANAGEMENT AND COMPLIANCE,,Appendix,Are customer complaints properly addressed?,Complaint resolution records,
Q-299,RISK MANAGEMENT AND COMPLIANCE,,Appendix,Is continuous improvement demonstrated?,Improvement project documentation,
Q-300,RISK MANAGEMENT AND COMPLIANCE,,Appendix,Are internal communications effective?,Communication records,
Q-301,WORKER SAFETY AND TRAINING,,Appendix,Are all workers properly trained before work?,Pre-work training records,
Q-302,WORKER SAFETY AND TRAINING,,Appendix,Is competency verified for assigned tasks?,Competency assessments,
Q-303,WORKER SAFETY AND TRAINING,,Appendix,Are safety meetings conducted regularly?,Safety meeting minutes,
Q-304,WORKER SAFETY AND TRAINING,,Appendix,Is PPE appropriate for hazards?,PPE assessment records,
Q-305,WORKER SAFETY AND TRAINING,,Appendix,Are exposure monitoring results communicated?,Employee notification records,
Q-306,WORKER SAFETY AND TRAINING,,Appendix,Are work restrictions followed for exposures?,Medical restriction compliance,
Q-307,WORKER SAFETY AND TRAINING,,Appendix,Is first aid available and adequate?,First aid station verification,
Q-308,WORKER SAFETY AND TRAINING,,Appendix,Are emergency evacuations practiced?,Evacuation drill records,
Q-309,WORKER SAFETY AND TRAINING,,Appendix,Are visitors properly controlled?,Visitor management procedures,
Q-310,WORKER SAFETY AND TRAINING,,Appendix,Are contractor safety requirements enforced?,Contractor safety programs,
Q-311,QUALITY CONTROL AND VERIFICATION,,Appendix,Are receiving inspections performed?,Incoming inspection records,
Q-312,QUALITY CONTROL AND VERIFICATION,,Appendix,Are process controls maintained?,Process control documentation,
Q-313,QUALITY CONTROL AND VERIFICATION,,Appendix,Are non-conforming materials segregated?,Segregation procedures,
Q-314,QUALITY CONTROL AND VERIFICATION,,Appendix,Are corrective actions effective?,CAR effectiveness verification,
Q-315,QUALITY CONTROL AND VERIFICATION,,Appendix,Are preventive actions implemented?,Preventive action records,
Q-316,QUALITY CONTROL AND VERIFICATION,,Appendix,Is equipment calibrated as required?,Calibration certificates,
Q-317,QUALITY CONTROL AND VERIFICATION,,Appendix,Are work instructions current?,Controlled document system,
Q-318,QUALITY CONTROL AND VERIFICATION,,Appendix,Are process changes properly managed?,Change control procedures,
Q-319,QUALITY CONTROL AND VERIFICATION,,Appendix,Are supplier evaluations conducted?,Supplier assessment records,
Q-320,QUALITY CONTROL AND VERIFICATION,,Appendix,Are customer requirements verified?,Requirement verification records,
Q-321,ENVIRONMENTAL COMPLIANCE,,Appendix,Are air emissions properly controlled?,Emission control verification,
Q-322,ENVIRONMENTAL COMPLIANCE,,Appendix,Are wastewater discharges compliant?,Discharge monitoring records,
Q-323,ENVIRONMENTAL COMPLIANCE,,Appendix,Are hazardous wastes properly managed?,Waste manifests and records,
Q-324,ENVIRONMENTAL COMPLIANCE,,Appendix,Are spill controls adequate?,Spill prevention procedures,
Q-325,ENVIRONMENTAL COMPLIANCE,,Appendix,Are storm water controls effective?,Storm water management plan,
Q-326,ENVIRONMENTAL COMPLIANCE,,Appendix,Is waste minimization practiced?,Waste reduction initiatives,
Q-327,ENVIRONMENTAL COMPLIANCE,,Appendix,Are recycling targets met?,Recycling performance data,
Q-328,ENVIRONMENTAL COMPLIANCE,,Appendix,Are environmental objectives established?,Objective tracking records,
Q-329,ENVIRONMENTAL COMPLIANCE,,Appendix,Are chemical inventories maintained?,Chemical inventory lists,
Q-330,ENVIRONMENTAL COMPLIANCE,,Appendix,Are SDSs readily available?,SDS accessibility verification,
Q-331,BUSINESS CONTINUITY,,Appendix,Is business continuity planning performed?,Continuity plan documentation,
Q-332,BUSINESS CONTINUITY,,Appendix,Are critical suppliers identified?,Supplier risk assessment,
Q-333,BUSINESS CONTINUITY,,Appendix,Are backup systems maintained?,Backup system testing,
Q-334,BUSINESS CONTINUITY,,Appendix,Is data backup performed regularly?,Data backup records,
Q-335,BUSINESS CONTINUITY,,Appendix,Are alternative processing options identified?,Contingency arrangements,
Q-336,BUSINESS CONTINUITY,,Appendix,Is insurance coverage reviewed annually?,Insurance review records,
Q-337,BUSINESS CONTINUITY,,Appendix,Are financial controls adequate?,Financial audit results,
Q-338,BUSINESS CONTINUITY,,Appendix,Are contracts properly managed?,Contract management system,
Q-339,BUSINESS CONTINUITY,,Appendix,Are intellectual property rights protected?,IP protection measures,
Q-340,BUSINESS CONTINUITY,,Appendix,Are confidentiality agreements enforced?,NDA management records,
Q-341,STAKEHOLDER ENGAGEMENT,,Appendix,Are customer requirements documented?,Customer requirement records,
Q-342,STAKEHOLDER ENGAGEMENT,,Appendix,Is customer satisfaction measured?,Satisfaction survey results,
Q-343,STAKEHOLDER ENGAGEMENT,,Appendix,Are supplier relationships managed?,Supplier management program,
Q-344,STAKEHOLDER ENGAGEMENT,,Appendix,Is community engagement performed?,Community interaction records,
Q-345,STAKEHOLDER ENGAGEMENT,,Appendix,Are regulatory relationships maintained?,Regulatory correspondence,
Q-346,STAKEHOLDER ENGAGEMENT,,Appendix,Are industry associations engaged?,Association participation,
Q-347,STAKEHOLDER ENGAGEMENT,,Appendix,Is transparency maintained as required?,Public disclosure records,
Q-348,STAKEHOLDER ENGAGEMENT,,Appendix,Are stakeholder concerns addressed?,Concern response records,
Q-349,STAKEHOLDER ENGAGEMENT,,Appendix,Is marketing accurate and compliant?,Marketing material review,
Q-350,STAKEHOLDER ENGAGEMENT,,Appendix,Are certifications properly displayed?,Certificate display verification,
Q-351,SPECIAL CONSIDERATIONS,,Appendix,Are Basel Convention requirements met?,Basel compliance documentation,
Q-352,SPECIAL CONSIDERATIONS,,Appendix,Are e-Stewards requirements considered?,Dual certification management,
Q-353,SPECIAL CONSIDERATIONS,,Appendix,Are OEM requirements fulfilled?,OEM agreement compliance,
Q-354,SPECIAL CONSIDERATIONS,,Appendix,Are government contracts properly managed?,Government compliance records,
Q-355,SPECIAL CONSIDERATIONS,,Appendix,Are data destruction certificates provided?,Certificate issuance records,
Q-356,SPECIAL CONSIDERATIONS,,Appendix,Are asset recovery services documented?,Asset tracking documentation,
Q-357,SPECIAL CONSIDERATIONS,,Appendix,Are ITAD services properly managed?,ITAD service records,
Q-358,SPECIAL CONSIDERATIONS,,Appendix,Are refurbishment standards maintained?,Refurbishment specifications,
Q-359,SPECIAL CONSIDERATIONS,,Appendix,Are warranty provisions adequate?,Warranty program documentation,
Q-360,SPECIAL CONSIDERATIONS,,Appendix,Are reverse logistics managed?,Return logistics procedures,
Q-361,CERTIFICATION MAINTENANCE,,Appendix,Are surveillance audits scheduled properly?,12-month maximum intervals,
Q-362,CERTIFICATION MAINTENANCE,,Appendix,Are certificate changes reported timely?,7-day notification records,
Q-363,CERTIFICATION MAINTENANCE,,Appendix,Are scope changes properly evaluated?,Scope change assessments,
Q-364,CERTIFICATION MAINTENANCE,,Appendix,Are facility moves properly managed?,Location change procedures,
Q-365,CERTIFICATION MAINTENANCE,,Appendix,Are name changes properly documented?,Name change verification,
Q-366,CERTIFICATION MAINTENANCE,,Appendix,Are structure changes properly assessed?,Structure change evaluation,
Q-367,CERTIFICATION MAINTENANCE,,Appendix,Is SERI licensing current?,License acknowledgment,
Q-368,CERTIFICATION MAINTENANCE,,Appendix,Are CB communications timely?,Communication records,
Q-369,CERTIFICATION MAINTENANCE,,Appendix,Are nonconformity deadlines met?,Table 6 compliance,
Q-370,CERTIFICATION MAINTENANCE,,Appendix,Are major NCs properly managed?,Major NC resolution,
Q-371,FINAL VERIFICATION,,Appendix,Can the facility demonstrate overall R2 compliance?,Comprehensive compliance evidence,
Q-372,FINAL VERIFICATION,,Appendix,Are all applicable appendices properly implemented?,Appendix implementation verification,
Q-373,FINAL VERIFICATION,,Appendix,Is the management system effectively integrated?,System integration evidence,
Q-374,FINAL VERIFICATION,,Appendix,Are resources adequate for compliance?,Resource adequacy assessment,
Q-375,FINAL VERIFICATION,,Appendix,Is top management committed to R2?,Management commitment evidence,
Q-376,FINAL VERIFICATION,,Appendix,Are roles and responsibilities clearly defined?,Organizational chart and descriptions,
Q-377,FINAL VERIFICATION,,Appendix,Is documentation control effective?,Document control system,
Q-378,FINAL VERIFICATION,,Appendix,Are records properly maintained?,Records management system,
Q-379,FINAL VERIFICATION,,Appendix,Is the facility prepared for unannounced inspections?,Inspection readiness,
Q-380,FINAL VERIFICATION,,Appendix,Are all R2 requirements demonstrably met?,Complete conformance portfolio,
Q-381,REMOTE AUDIT SPECIFIC (WHERE APPLICABLE),,Appendix,Are remote audit prerequisites met?,Phase 1 qualification checklist,
Q-382,REMOTE AUDIT SPECIFIC (WHERE APPLICABLE),,Appendix,Is documentation uploaded timely?,10-day advance upload,
Q-383,REMOTE AUDIT SPECIFIC (WHERE APPLICABLE),,Appendix,Are video capabilities adequate?,Video tour capability,
Q-384,REMOTE AUDIT SPECIFIC (WHERE APPLICABLE),,Appendix,Is file sharing secure and functional?,Secure platform access,
Q-385,REMOTE AUDIT SPECIFIC (WHERE APPLICABLE),,Appendix,Are all areas accessible virtually?,Complete facility coverage,
Q-386,REMOTE AUDIT SPECIFIC (WHERE APPLICABLE),,Appendix,Are workers available for interviews?,Interview scheduling,
Q-387,REMOTE AUDIT SPECIFIC (WHERE APPLICABLE),,Appendix,Can operations be observed live?,Active operations verification,
Q-388,REMOTE AUDIT SPECIFIC (WHERE APPLICABLE),,Appendix,Are connectivity issues resolved?,Stable connection verification,
Q-389,REMOTE AUDIT SPECIFIC (WHERE APPLICABLE),,Appendix,Is documentation in auditor's language?,Translation if needed,
Q-390,REMOTE AUDIT SPECIFIC (WHERE APPLICABLE),,Appendix,Are follow-up requirements understood?,Phase 5 completion,
Q-391,CONTINUOUS IMPROVEMENT,,Appendix,Are lessons learned captured?,Improvement tracking system,
Q-392,CONTINUOUS IMPROVEMENT,,Appendix,Are best practices shared?,Knowledge sharing records,
Q-393,CONTINUOUS IMPROVEMENT,,Appendix,Are efficiency improvements tracked?,Efficiency metrics,
Q-394,CONTINUOUS IMPROVEMENT,,Appendix,Are cost reductions documented?,Cost benefit analysis,
Q-395,CONTINUOUS IMPROVEMENT,,Appendix,Are innovation initiatives supported?,Innovation program evidence,
Q-396,CONTINUOUS IMPROVEMENT,,Appendix,Are employee suggestions implemented?,Suggestion program records,
Q-397,CONTINUOUS IMPROVEMENT,,Appendix,Are benchmarking activities performed?,Benchmark comparisons,
Q-398,CONTINUOUS IMPROVEMENT,,Appendix,Are industry trends monitored?,Trend analysis records,
Q-399,CONTINUOUS IMPROVEMENT,,Appendix,Are technology upgrades evaluated?,Technology assessment,
Q-400,CONTINUOUS IMPROVEMENT,,Appendix,Is overall performance improving?,Performance trend data,
