id,before_tags,raw_tags,category,after_tags,status,unknown_tokens
1,,,CORE REQUIREMENT 1: SCOPE,CR1;A,inferred,
2,,,CORE REQUIREMENT 1: SCOPE,CR1,inferred,
3,,,CORE REQUIREMENT 1: SCOPE,CR1,inferred,
4,,,CORE REQUIREMENT 1: SCOPE,CR1,inferred,
5,,,CORE REQUIREMENT 1: SCOPE,CR1,inferred,
6,,,CORE REQUIREMENT 1: SCOPE,CR1,inferred,
7,,,CORE REQUIREMENT 1: SCOPE,CR1,inferred,
8,,,CORE REQUIREMENT 1: SCOPE,CR1,inferred,
9,,,CORE REQUIREMENT 1: SCOPE,CR1,inferred,
10,,,CORE REQUIREMENT 1: SCOPE,CR1,inferred,
11,,,CORE REQUIREMENT 2: HIERARCHY OF RESPONSIBLE MANAGEMENT,CR2;A,inferred,
12,,,CORE REQUIREMENT 2: HIERARCHY OF RESPONSIBLE MANAGEMENT,CR2,inferred,
13,,,CORE REQUIREMENT 2: HIERARCHY OF RESPONSIBLE MANAGEMENT,CR2,inferred,
14,,,CORE REQUIREMENT 2: HIERARCHY OF RESPONSIBLE MANAGEMENT,CR2,inferred,
15,,,CORE REQUIREMENT 2: HIERARCHY OF RESPONSIBLE MANAGEMENT,CR2,inferred,
16,,,CORE REQUIREMENT 2: HIERARCHY OF RESPONSIBLE MANAGEMENT,CR2,inferred,
17,,,CORE REQUIREMENT 2: HIERARCHY OF RESPONSIBLE MANAGEMENT,CR2,inferred,
18,,,CORE REQUIREMENT 2: HIERARCHY OF RESPONSIBLE MANAGEMENT,CR2,inferred,
19,,,CORE REQUIREMENT 2: HIERARCHY OF RESPONSIBLE MANAGEMENT,CR2,inferred,
20,,,CORE REQUIREMENT 2: HIERARCHY OF RESPONSIBLE MANAGEMENT,CR2,inferred,
21,,,CORE REQUIREMENT 3: EH&S MANAGEMENT SYSTEM,CR3,inferred,
22,,,CORE REQUIREMENT 3: EH&S MANAGEMENT SYSTEM,CR3,inferred,
23,,,CORE REQUIREMENT 3: EH&S MANAGEMENT SYSTEM,CR3,inferred,
24,,,CORE REQUIREMENT 3: EH&S MANAGEMENT SYSTEM,CR3;A,inferred,
25,,,CORE REQUIREMENT 3: EH&S MANAGEMENT SYSTEM,CR3,inferred,
26,,,CORE REQUIREMENT 3: EH&S MANAGEMENT SYSTEM,CR3,inferred,
27,,,CORE REQUIREMENT 3: EH&S MANAGEMENT SYSTEM,CR3,inferred,
28,,,CORE REQUIREMENT 3: EH&S MANAGEMENT SYSTEM,CR3;A,inferred,
29,,,CORE REQUIREMENT 3: EH&S MANAGEMENT SYSTEM,CR3,inferred,
30,,,CORE REQUIREMENT 3: EH&S MANAGEMENT SYSTEM,CR3,inferred,
31,,,CORE REQUIREMENT 3: EH&S MANAGEMENT SYSTEM,CR3,inferred,
32,,,CORE REQUIREMENT 3: EH&S MANAGEMENT SYSTEM,CR3,inferred,
33,,,CORE REQUIREMENT 3: EH&S MANAGEMENT SYSTEM,CR3,inferred,
34,,,CORE REQUIREMENT 3: EH&S MANAGEMENT SYSTEM,CR3;A,inferred,
35,,,CORE REQUIREMENT 3: EH&S MANAGEMENT SYSTEM,CR3,inferred,
36,,,CORE REQUIREMENT 4: LEGAL AND OTHER REQUIREMENTS,CR4;A,inferred,
37,,,CORE REQUIREMENT 4: LEGAL AND OTHER REQUIREMENTS,CR4,inferred,
38,,,CORE REQUIREMENT 4: LEGAL AND OTHER REQUIREMENTS,CR4,inferred,
39,,,CORE REQUIREMENT 4: LEGAL AND OTHER REQUIREMENTS,CR4;A,inferred,
40,,,CORE REQUIREMENT 4: LEGAL AND OTHER REQUIREMENTS,CR4,inferred,
41,,,CORE REQUIREMENT 4: LEGAL AND OTHER REQUIREMENTS,CR4,inferred,
42,,,CORE REQUIREMENT 4: LEGAL AND OTHER REQUIREMENTS,CR4,inferred,
43,,,CORE REQUIREMENT 4: LEGAL AND OTHER REQUIREMENTS,CR4;A,inferred,
44,,,CORE REQUIREMENT 4: LEGAL AND OTHER REQUIREMENTS,CR4,inferred,
45,,,CORE REQUIREMENT 4: LEGAL AND OTHER REQUIREMENTS,CR4,inferred,
46,,,CORE REQUIREMENT 4: LEGAL AND OTHER REQUIREMENTS,CR4,inferred,
47,,,CORE REQUIREMENT 4: LEGAL AND OTHER REQUIREMENTS,CR4,inferred,
48,,,CORE REQUIREMENT 4: LEGAL AND OTHER REQUIREMENTS,CR4,inferred,
49,,,CORE REQUIREMENT 4: LEGAL AND OTHER REQUIREMENTS,CR4,inferred,
50,,,CORE REQUIREMENT 4: LEGAL AND OTHER REQUIREMENTS,CR4,inferred,
51,,,CORE REQUIREMENT 5: TRACKING THROUGHPUT,CR5,inferred,
52,,,CORE REQUIREMENT 5: TRACKING THROUGHPUT,CR5,inferred,
53,,,CORE REQUIREMENT 5: TRACKING THROUGHPUT,CR5;A,inferred,
54,,,CORE REQUIREMENT 5: TRACKING THROUGHPUT,CR5,inferred,
55,,,CORE REQUIREMENT 5: TRACKING THROUGHPUT,CR5,inferred,
56,,,CORE REQUIREMENT 5: TRACKING THROUGHPUT,CR5,inferred,
57,,,CORE REQUIREMENT 5: TRACKING THROUGHPUT,CR5,inferred,
58,,,CORE REQUIREMENT 5: TRACKING THROUGHPUT,CR5,inferred,
59,,,CORE REQUIREMENT 5: TRACKING THROUGHPUT,CR5,inferred,
60,,,CORE REQUIREMENT 5: TRACKING THROUGHPUT,CR5,inferred,
61,,,CORE REQUIREMENT 5: TRACKING THROUGHPUT,CR5,inferred,
62,,,CORE REQUIREMENT 5: TRACKING THROUGHPUT,CR5,inferred,
63,,,CORE REQUIREMENT 5: TRACKING THROUGHPUT,CR5,inferred,
64,,,CORE REQUIREMENT 5: TRACKING THROUGHPUT,CR5,inferred,
65,,,CORE REQUIREMENT 5: TRACKING THROUGHPUT,CR5,inferred,
66,,,"CORE REQUIREMENT 6: SORTING, CATEGORIZATION, AND PROCESSING",CR6;A,inferred,
67,,,"CORE REQUIREMENT 6: SORTING, CATEGORIZATION, AND PROCESSING",CR6,inferred,
68,,,"CORE REQUIREMENT 6: SORTING, CATEGORIZATION, AND PROCESSING",CR6,inferred,
69,,,"CORE REQUIREMENT 6: SORTING, CATEGORIZATION, AND PROCESSING",CR6,inferred,
70,,,"CORE REQUIREMENT 6: SORTING, CATEGORIZATION, AND PROCESSING",CR6,inferred,
71,,,"CORE REQUIREMENT 6: SORTING, CATEGORIZATION, AND PROCESSING",CR6,inferred,
72,,,"CORE REQUIREMENT 6: SORTING, CATEGORIZATION, AND PROCESSING",CR6,inferred,
73,,,"CORE REQUIREMENT 6: SORTING, CATEGORIZATION, AND PROCESSING",CR6,inferred,
74,,,"CORE REQUIREMENT 6: SORTING, CATEGORIZATION, AND PROCESSING",CR6,inferred,
75,,,"CORE REQUIREMENT 6: SORTING, CATEGORIZATION, AND PROCESSING",CR6,inferred,
76,,,"CORE REQUIREMENT 6: SORTING, CATEGORIZATION, AND PROCESSING",CR6,inferred,
77,,,"CORE REQUIREMENT 6: SORTING, CATEGORIZATION, AND PROCESSING",CR6,inferred,
78,,,"CORE REQUIREMENT 6: SORTING, CATEGORIZATION, AND PROCESSING",CR6,inferred,
79,,,"CORE REQUIREMENT 6: SORTING, CATEGORIZATION, AND PROCESSING",CR6,inferred,
80,,,"CORE REQUIREMENT 6: SORTING, CATEGORIZATION, AND PROCESSING",CR6,inferred,
81,,,CORE REQUIREMENT 7: DATA SECURITY,CR7;A,inferred,
82,,,CORE REQUIREMENT 7: DATA SECURITY,CR7,inferred,
83,,,CORE REQUIREMENT 7: DATA SECURITY,CR7,inferred,
84,,,CORE REQUIREMENT 7: DATA SECURITY,CR7,inferred,
85,,,CORE REQUIREMENT 7: DATA SECURITY,CR7,inferred,
86,,,CORE REQUIREMENT 7: DATA SECURITY,CR7,inferred,
87,,,CORE REQUIREMENT 7: DATA SECURITY,CR7,inferred,
88,,,CORE REQUIREMENT 7: DATA SECURITY,CR7;A,inferred,
89,,,CORE REQUIREMENT 7: DATA SECURITY,CR7,inferred,
90,,,CORE REQUIREMENT 7: DATA SECURITY,CR7,inferred,
91,,,CORE REQUIREMENT 7: DATA SECURITY,CR7,inferred,
92,,,CORE REQUIREMENT 7: DATA SECURITY,CR7,inferred,
93,,,CORE REQUIREMENT 7: DATA SECURITY,CR7,inferred,
94,,,CORE REQUIREMENT 7: DATA SECURITY,CR7,inferred,
95,,,CORE REQUIREMENT 7: DATA SECURITY,CR7,inferred,
96,,,CORE REQUIREMENT 7: DATA SECURITY,CR7,inferred,
97,,,CORE REQUIREMENT 7: DATA SECURITY,CR7,inferred,
98,,,CORE REQUIREMENT 7: DATA SECURITY,CR7,inferred,
99,,,CORE REQUIREMENT 7: DATA SECURITY,CR7,inferred,
100,,,CORE REQUIREMENT 7: DATA SECURITY,CR7,inferred,
101,,,CORE REQUIREMENT 8: FOCUS MATERIALS,CR8;A,inferred,
102,,,CORE REQUIREMENT 8: FOCUS MATERIALS,CR8,inferred,
103,,,CORE REQUIREMENT 8: FOCUS MATERIALS,CR8,inferred,
104,,,CORE REQUIREMENT 8: FOCUS MATERIALS,CR8,inferred,
105,,,CORE REQUIREMENT 8: FOCUS MATERIALS,CR8,inferred,
106,,,CORE REQUIREMENT 8: FOCUS MATERIALS,CR8,inferred,
107,,,CORE REQUIREMENT 8: FOCUS MATERIALS,CR8,inferred,
108,,,CORE REQUIREMENT 8: FOCUS MATERIALS,CR8,inferred,
109,,,CORE REQUIREMENT 8: FOCUS MATERIALS,CR8,inferred,
110,,,CORE REQUIREMENT 8: FOCUS MATERIALS,CR8,inferred,
111,,,CORE REQUIREMENT 8: FOCUS MATERIALS,CR8,inferred,
112,,,CORE REQUIREMENT 8: FOCUS MATERIALS,CR8,inferred,
113,,,CORE REQUIREMENT 8: FOCUS MATERIALS,CR8,inferred,
114,,,CORE REQUIREMENT 8: FOCUS MATERIALS,CR8,inferred,
115,,,CORE REQUIREMENT 8: FOCUS MATERIALS,CR8,inferred,
116,,,CORE REQUIREMENT 9: FACILITY REQUIREMENTS,CR9,inferred,
117,,,CORE REQUIREMENT 9: FACILITY REQUIREMENTS,CR9,inferred,
118,,,CORE REQUIREMENT 9: FACILITY REQUIREMENTS,CR9,inferred,
119,,,CORE REQUIREMENT 9: FACILITY REQUIREMENTS,CR9,inferred,
120,,,CORE REQUIREMENT 9: FACILITY REQUIREMENTS,CR9,inferred,
121,,,CORE REQUIREMENT 9: FACILITY REQUIREMENTS,CR9,inferred,
122,,,CORE REQUIREMENT 9: FACILITY REQUIREMENTS,CR9;A,inferred,
123,,,CORE REQUIREMENT 9: FACILITY REQUIREMENTS,CR9,inferred,
124,,,CORE REQUIREMENT 9: FACILITY REQUIREMENTS,CR9,inferred,
125,,,CORE REQUIREMENT 9: FACILITY REQUIREMENTS,CR9,inferred,
126,,,CORE REQUIREMENT 9: FACILITY REQUIREMENTS,CR9,inferred,
127,,,CORE REQUIREMENT 9: FACILITY REQUIREMENTS,CR9,inferred,
128,,,CORE REQUIREMENT 9: FACILITY REQUIREMENTS,CR9,inferred,
129,,,CORE REQUIREMENT 9: FACILITY REQUIREMENTS,CR9,inferred,
130,,,CORE REQUIREMENT 9: FACILITY REQUIREMENTS,CR9,inferred,
131,,,CORE REQUIREMENT 10: TRANSPORT,CR10,inferred,
132,,,CORE REQUIREMENT 10: TRANSPORT,CR10,inferred,
133,,,CORE REQUIREMENT 10: TRANSPORT,CR10,inferred,
134,,,CORE REQUIREMENT 10: TRANSPORT,CR10,inferred,
135,,,CORE REQUIREMENT 10: TRANSPORT,CR10,inferred,
136,,,CORE REQUIREMENT 10: TRANSPORT,CR10,inferred,
137,,,CORE REQUIREMENT 10: TRANSPORT,CR10,inferred,
138,,,CORE REQUIREMENT 10: TRANSPORT,CR10,inferred,
139,,,CORE REQUIREMENT 10: TRANSPORT,CR10,inferred,
140,,,CORE REQUIREMENT 10: TRANSPORT,CR10,inferred,
141,,,APPENDIX A: DOWNSTREAM RECYCLING CHAIN,A,inferred,
142,,,APPENDIX A: DOWNSTREAM RECYCLING CHAIN,A,inferred,
143,,,APPENDIX A: DOWNSTREAM RECYCLING CHAIN,A,inferred,
144,,,APPENDIX A: DOWNSTREAM RECYCLING CHAIN,A,inferred,
145,,,APPENDIX A: DOWNSTREAM RECYCLING CHAIN,A,inferred,
146,,,APPENDIX A: DOWNSTREAM RECYCLING CHAIN,A,inferred,
147,,,APPENDIX A: DOWNSTREAM RECYCLING CHAIN,A,inferred,
148,,,APPENDIX A: DOWNSTREAM RECYCLING CHAIN,A,inferred,
149,,,APPENDIX A: DOWNSTREAM RECYCLING CHAIN,A,inferred,
150,,,APPENDIX A: DOWNSTREAM RECYCLING CHAIN,A,inferred,
151,,,APPENDIX A: DOWNSTREAM RECYCLING CHAIN,A,inferred,
152,,,APPENDIX A: DOWNSTREAM RECYCLING CHAIN,A,inferred,
153,,,APPENDIX A: DOWNSTREAM RECYCLING CHAIN,A,inferred,
154,,,APPENDIX A: DOWNSTREAM RECYCLING CHAIN,A;E,inferred,
155,,,APPENDIX A: DOWNSTREAM RECYCLING CHAIN,A;F,inferred,
156,,,APPENDIX A: DOWNSTREAM RECYCLING CHAIN,A,inferred,
157,,,APPENDIX A: DOWNSTREAM RECYCLING CHAIN,A,inferred,
158,,,APPENDIX A: DOWNSTREAM RECYCLING CHAIN,A,inferred,
159,,,APPENDIX A: DOWNSTREAM RECYCLING CHAIN,A,inferred,
160,,,APPENDIX A: DOWNSTREAM RECYCLING CHAIN,A,inferred,
161,,,APPENDIX B: DATA SANITIZATION,B,inferred,
162,,,APPENDIX B: DATA SANITIZATION,B,inferred,
163,,,APPENDIX B: DATA SANITIZATION,B,inferred,
164,,,APPENDIX B: DATA SANITIZATION,B,inferred,
165,,,APPENDIX B: DATA SANITIZATION,B,inferred,
166,,,APPENDIX B: DATA SANITIZATION,B,inferred,
167,,,APPENDIX B: DATA SANITIZATION,B,inferred,
168,,,APPENDIX B: DATA SANITIZATION,B,inferred,
169,,,APPENDIX B: DATA SANITIZATION,B,inferred,
170,,,APPENDIX B: DATA SANITIZATION,B,inferred,
171,,,APPENDIX B: DATA SANITIZATION,B,inferred,
172,,,APPENDIX B: DATA SANITIZATION,B,inferred,
173,,,APPENDIX B: DATA SANITIZATION,B,inferred,
174,,,APPENDIX B: DATA SANITIZATION,B,inferred,
175,,,APPENDIX B: DATA SANITIZATION,B,inferred,
176,,,APPENDIX B: DATA SANITIZATION,B,inferred,
177,,,APPENDIX B: DATA SANITIZATION,B,inferred,
178,,,APPENDIX B: DATA SANITIZATION,B,inferred,
179,,,APPENDIX B: DATA SANITIZATION,B,inferred,
180,,,APPENDIX B: DATA SANITIZATION,B,inferred,
181,,,APPENDIX B: DATA SANITIZATION,B,inferred,
182,,,APPENDIX B: DATA SANITIZATION,B,inferred,
183,,,APPENDIX B: DATA SANITIZATION,B,inferred,
184,,,APPENDIX B: DATA SANITIZATION,B,inferred,
185,,,APPENDIX B: DATA SANITIZATION,B,inferred,
186,,,APPENDIX C: TEST AND REPAIR,C,inferred,
187,,,APPENDIX C: TEST AND REPAIR,C,inferred,
188,,,APPENDIX C: TEST AND REPAIR,C,inferred,
189,,,APPENDIX C: TEST AND REPAIR,C,inferred,
190,,,APPENDIX C: TEST AND REPAIR,C,inferred,
191,,,APPENDIX C: TEST AND REPAIR,C,inferred,
192,,,APPENDIX C: TEST AND REPAIR,C,inferred,
193,,,APPENDIX C: TEST AND REPAIR,C,inferred,
194,,,APPENDIX C: TEST AND REPAIR,C,inferred,
195,,,APPENDIX C: TEST AND REPAIR,C,inferred,
196,,,APPENDIX C: TEST AND REPAIR,A;C,inferred,
197,,,APPENDIX C: TEST AND REPAIR,C,inferred,
198,,,APPENDIX C: TEST AND REPAIR,C,inferred,
199,,,APPENDIX C: TEST AND REPAIR,C,inferred,
200,,,APPENDIX C: TEST AND REPAIR,C,inferred,
201,,,APPENDIX C: TEST AND REPAIR,C,inferred,
202,,,APPENDIX C: TEST AND REPAIR,C,inferred,
203,,,APPENDIX C: TEST AND REPAIR,C,inferred,
204,,,APPENDIX C: TEST AND REPAIR,C,inferred,
205,,,APPENDIX C: TEST AND REPAIR,C,inferred,
206,,,APPENDIX D: SPECIALTY ELECTRONICS REUSE,C;D,inferred,
207,,,APPENDIX D: SPECIALTY ELECTRONICS REUSE,D,inferred,
208,,,APPENDIX D: SPECIALTY ELECTRONICS REUSE,D,inferred,
209,,,APPENDIX D: SPECIALTY ELECTRONICS REUSE,D,inferred,
210,,,APPENDIX D: SPECIALTY ELECTRONICS REUSE,D,inferred,
211,,,APPENDIX D: SPECIALTY ELECTRONICS REUSE,D,inferred,
212,,,APPENDIX D: SPECIALTY ELECTRONICS REUSE,D,inferred,
213,,,APPENDIX D: SPECIALTY ELECTRONICS REUSE,D,inferred,
214,,,APPENDIX D: SPECIALTY ELECTRONICS REUSE,D,inferred,
215,,,APPENDIX D: SPECIALTY ELECTRONICS REUSE,D,inferred,
216,,,APPENDIX D: SPECIALTY ELECTRONICS REUSE,D,inferred,
217,,,APPENDIX D: SPECIALTY ELECTRONICS REUSE,D,inferred,
218,,,APPENDIX D: SPECIALTY ELECTRONICS REUSE,D,inferred,
219,,,APPENDIX D: SPECIALTY ELECTRONICS REUSE,D,inferred,
220,,,APPENDIX D: SPECIALTY ELECTRONICS REUSE,D,inferred,
221,,,APPENDIX D: SPECIALTY ELECTRONICS REUSE,D,inferred,
222,,,APPENDIX D: SPECIALTY ELECTRONICS REUSE,D,inferred,
223,,,APPENDIX D: SPECIALTY ELECTRONICS REUSE,D,inferred,
224,,,APPENDIX D: SPECIALTY ELECTRONICS REUSE,D,inferred,
225,,,APPENDIX D: SPECIALTY ELECTRONICS REUSE,D,inferred,
226,,,APPENDIX E: MATERIALS RECOVERY,A;E,inferred,
227,,,APPENDIX E: MATERIALS RECOVERY,E,inferred,
228,,,APPENDIX E: MATERIALS RECOVERY,E,inferred,
229,,,APPENDIX E: MATERIALS RECOVERY,E,inferred,
230,,,APPENDIX E: MATERIALS RECOVERY,E,inferred,
231,,,APPENDIX E: MATERIALS RECOVERY,E,inferred,
232,,,APPENDIX E: MATERIALS RECOVERY,E,inferred,
233,,,APPENDIX E: MATERIALS RECOVERY,E,inferred,
234,,,APPENDIX E: MATERIALS RECOVERY,E,inferred,
235,,,APPENDIX E: MATERIALS RECOVERY,E,inferred,
236,,,APPENDIX E: MATERIALS RECOVERY,E,inferred,
237,,,APPENDIX E: MATERIALS RECOVERY,E,inferred,
238,,,APPENDIX E: MATERIALS RECOVERY,E,inferred,
239,,,APPENDIX E: MATERIALS RECOVERY,E,inferred,
240,,,APPENDIX E: MATERIALS RECOVERY,E,inferred,
241,,,APPENDIX E: MATERIALS RECOVERY,E,inferred,
242,,,APPENDIX E: MATERIALS RECOVERY,E,inferred,
243,,,APPENDIX E: MATERIALS RECOVERY,E,inferred,
244,,,APPENDIX E: MATERIALS RECOVERY,E,inferred,
245,,,APPENDIX E: MATERIALS RECOVERY,E,inferred,
246,,,APPENDIX F: BROKERING,F,inferred,
247,,,APPENDIX F: BROKERING,F,inferred,
248,,,APPENDIX F: BROKERING,F,inferred,
249,,,APPENDIX F: BROKERING,F,inferred,
250,,,APPENDIX F: BROKERING,F,inferred,
251,,,APPENDIX F: BROKERING,F,inferred,
252,,,APPENDIX F: BROKERING,F,inferred,
253,,,APPENDIX F: BROKERING,F,inferred,
254,,,APPENDIX F: BROKERING,F,inferred,
255,,,APPENDIX F: BROKERING,F,inferred,
256,,,APPENDIX F: BROKERING,F,inferred,
257,,,APPENDIX F: BROKERING,F,inferred,
258,,,APPENDIX F: BROKERING,F,inferred,
259,,,APPENDIX F: BROKERING,F,inferred,
260,,,APPENDIX F: BROKERING,F,inferred,
261,,,APPENDIX G: PHOTOVOLTAIC (PV) MODULES,G,inferred,
262,,,APPENDIX G: PHOTOVOLTAIC (PV) MODULES,G,inferred,
263,,,APPENDIX G: PHOTOVOLTAIC (PV) MODULES,G,inferred,
264,,,APPENDIX G: PHOTOVOLTAIC (PV) MODULES,A;G,inferred,
265,,,APPENDIX G: PHOTOVOLTAIC (PV) MODULES,G,inferred,
266,,,APPENDIX G: PHOTOVOLTAIC (PV) MODULES,G,inferred,
267,,,APPENDIX G: PHOTOVOLTAIC (PV) MODULES,G,inferred,
268,,,APPENDIX G: PHOTOVOLTAIC (PV) MODULES,G,inferred,
269,,,APPENDIX G: PHOTOVOLTAIC (PV) MODULES,G,inferred,
270,,,APPENDIX G: PHOTOVOLTAIC (PV) MODULES,G,inferred,
271,,,APPENDIX G: PHOTOVOLTAIC (PV) MODULES,G,inferred,
272,,,APPENDIX G: PHOTOVOLTAIC (PV) MODULES,G,inferred,
273,,,APPENDIX G: PHOTOVOLTAIC (PV) MODULES,G,inferred,
274,,,APPENDIX G: PHOTOVOLTAIC (PV) MODULES,G,inferred,
275,,,APPENDIX G: PHOTOVOLTAIC (PV) MODULES,G,inferred,
276,,,AUDIT PROCESS AND DOCUMENTATION,,missing,
277,,,AUDIT PROCESS AND DOCUMENTATION,,missing,
278,,,AUDIT PROCESS AND DOCUMENTATION,,missing,
279,,,AUDIT PROCESS AND DOCUMENTATION,,missing,
280,,,AUDIT PROCESS AND DOCUMENTATION,,missing,
281,,,AUDIT PROCESS AND DOCUMENTATION,,missing,
282,,,AUDIT PROCESS AND DOCUMENTATION,,missing,
283,,,AUDIT PROCESS AND DOCUMENTATION,,missing,
284,,,AUDIT PROCESS AND DOCUMENTATION,,missing,
285,,,AUDIT PROCESS AND DOCUMENTATION,,missing,
286,,,AUDIT PROCESS AND DOCUMENTATION,,missing,
287,,,AUDIT PROCESS AND DOCUMENTATION,,missing,
288,,,AUDIT PROCESS AND DOCUMENTATION,,missing,
289,,,AUDIT PROCESS AND DOCUMENTATION,,missing,
290,,,AUDIT PROCESS AND DOCUMENTATION,,missing,
291,,,RISK MANAGEMENT AND COMPLIANCE,,missing,
292,,,RISK MANAGEMENT AND COMPLIANCE,,missing,
293,,,RISK MANAGEMENT AND COMPLIANCE,,missing,
294,,,RISK MANAGEMENT AND COMPLIANCE,,missing,
295,,,RISK MANAGEMENT AND COMPLIANCE,,missing,
296,,,RISK MANAGEMENT AND COMPLIANCE,,missing,
297,,,RISK MANAGEMENT AND COMPLIANCE,,missing,
298,,,RISK MANAGEMENT AND COMPLIANCE,,missing,
299,,,RISK MANAGEMENT AND COMPLIANCE,,missing,
300,,,RISK MANAGEMENT AND COMPLIANCE,,missing,
301,,,WORKER SAFETY AND TRAINING,,missing,
302,,,WORKER SAFETY AND TRAINING,,missing,
303,,,WORKER SAFETY AND TRAINING,,missing,
304,,,WORKER SAFETY AND TRAINING,,missing,
305,,,WORKER SAFETY AND TRAINING,,missing,
306,,,WORKER SAFETY AND TRAINING,,missing,
307,,,WORKER SAFETY AND TRAINING,,missing,
308,,,WORKER SAFETY AND TRAINING,,missing,
309,,,WORKER SAFETY AND TRAINING,,missing,
310,,,WORKER SAFETY AND TRAINING,,missing,
311,,,QUALITY CONTROL AND VERIFICATION,,missing,
312,,,QUALITY CONTROL AND VERIFICATION,,missing,
313,,,QUALITY CONTROL AND VERIFICATION,,missing,
314,,,QUALITY CONTROL AND VERIFICATION,,missing,
315,,,QUALITY CONTROL AND VERIFICATION,,missing,
316,,,QUALITY CONTROL AND VERIFICATION,,missing,
317,,,QUALITY CONTROL AND VERIFICATION,,missing,
318,,,QUALITY CONTROL AND VERIFICATION,,missing,
319,,,QUALITY CONTROL AND VERIFICATION,,missing,
320,,,QUALITY CONTROL AND VERIFICATION,,missing,
321,,,ENVIRONMENTAL COMPLIANCE,,missing,
322,,,ENVIRONMENTAL COMPLIANCE,,missing,
323,,,ENVIRONMENTAL COMPLIANCE,,missing,
324,,,ENVIRONMENTAL COMPLIANCE,,missing,
325,,,ENVIRONMENTAL COMPLIANCE,,missing,
326,,,ENVIRONMENTAL COMPLIANCE,,missing,
327,,,ENVIRONMENTAL COMPLIANCE,,missing,
328,,,ENVIRONMENTAL COMPLIANCE,,missing,
329,,,ENVIRONMENTAL COMPLIANCE,,missing,
330,,,ENVIRONMENTAL COMPLIANCE,,missing,
331,,,BUSINESS CONTINUITY,,missing,
332,,,BUSINESS CONTINUITY,,missing,
333,,,BUSINESS CONTINUITY,,missing,
334,,,BUSINESS CONTINUITY,,missing,
335,,,BUSINESS CONTINUITY,,missing,
336,,,BUSINESS CONTINUITY,,missing,
337,,,BUSINESS CONTINUITY,,missing,
338,,,BUSINESS CONTINUITY,,missing,
339,,,BUSINESS CONTINUITY,,missing,
340,,,BUSINESS CONTINUITY,,missing,
341,,,STAKEHOLDER ENGAGEMENT,,missing,
342,,,STAKEHOLDER ENGAGEMENT,,missing,
343,,,STAKEHOLDER ENGAGEMENT,,missing,
344,,,STAKEHOLDER ENGAGEMENT,,missing,
345,,,STAKEHOLDER ENGAGEMENT,,missing,
346,,,STAKEHOLDER ENGAGEMENT,,missing,
347,,,STAKEHOLDER ENGAGEMENT,,missing,
348,,,STAKEHOLDER ENGAGEMENT,,missing,
349,,,STAKEHOLDER ENGAGEMENT,,missing,
350,,,STAKEHOLDER ENGAGEMENT,,missing,
351,,,SPECIAL CONSIDERATIONS,,missing,
352,,,SPECIAL CONSIDERATIONS,,missing,
353,,,SPECIAL CONSIDERATIONS,,missing,
354,,,SPECIAL CONSIDERATIONS,,missing,
355,,,SPECIAL CONSIDERATIONS,,missing,
356,,,SPECIAL CONSIDERATIONS,,missing,
357,,,SPECIAL CONSIDERATIONS,,missing,
358,,,SPECIAL CONSIDERATIONS,,missing,
359,,,SPECIAL CONSIDERATIONS,,missing,
360,,,SPECIAL CONSIDERATIONS,,missing,
361,,,CERTIFICATION MAINTENANCE,,missing,
362,,,CERTIFICATION MAINTENANCE,,missing,
363,,,CERTIFICATION MAINTENANCE,,missing,
364,,,CERTIFICATION MAINTENANCE,,missing,
365,,,CERTIFICATION MAINTENANCE,,missing,
366,,,CERTIFICATION MAINTENANCE,,missing,
367,,,CERTIFICATION MAINTENANCE,,missing,
368,,,CERTIFICATION MAINTENANCE,,missing,
369,,,CERTIFICATION MAINTENANCE,,missing,
370,,,CERTIFICATION MAINTENANCE,,missing,
371,,,FINAL VERIFICATION,,missing,
372,,,FINAL VERIFICATION,,missing,
373,,,FINAL VERIFICATION,,missing,
374,,,FINAL VERIFICATION,,missing,
375,,,FINAL VERIFICATION,,missing,
376,,,FINAL VERIFICATION,,missing,
377,,,FINAL VERIFICATION,,missing,
378,,,FINAL VERIFICATION,,missing,
379,,,FINAL VERIFICATION,,missing,
380,,,FINAL VERIFICATION,,missing,
381,,,REMOTE AUDIT SPECIFIC (WHERE APPLICABLE),,missing,
382,,,REMOTE AUDIT SPECIFIC (WHERE APPLICABLE),,missing,
383,,,REMOTE AUDIT SPECIFIC (WHERE APPLICABLE),,missing,
384,,,REMOTE AUDIT SPECIFIC (WHERE APPLICABLE),,missing,
385,,,REMOTE AUDIT SPECIFIC (WHERE APPLICABLE),,missing,
386,,,REMOTE AUDIT SPECIFIC (WHERE APPLICABLE),,missing,
387,,,REMOTE AUDIT SPECIFIC (WHERE APPLICABLE),,missing,
388,,,REMOTE AUDIT SPECIFIC (WHERE APPLICABLE),,missing,
389,,,REMOTE AUDIT SPECIFIC (WHERE APPLICABLE),,missing,
390,,,REMOTE AUDIT SPECIFIC (WHERE APPLICABLE),,missing,
391,,,CONTINUOUS IMPROVEMENT,,missing,
392,,,CONTINUOUS IMPROVEMENT,,missing,
393,,,CONTINUOUS IMPROVEMENT,,missing,
394,,,CONTINUOUS IMPROVEMENT,,missing,
395,,,CONTINUOUS IMPROVEMENT,,missing,
396,,,CONTINUOUS IMPROVEMENT,,missing,
397,,,CONTINUOUS IMPROVEMENT,,missing,
398,,,CONTINUOUS IMPROVEMENT,,missing,
399,,,CONTINUOUS IMPROVEMENT,,missing,
400,,,CONTINUOUS IMPROVEMENT,,missing,
